alt_faz,ozgun_gereksinim,degerlendirme,not,ilgili_bulgular,kaynak_test_referanslari,execution_record,AI_beyani,release_kabulu
P00.1,Repository conventions & protected control paths,Kontrol dosyaları var,Git/manifest/CI kurulmuş; CI koruması yalnız plan/manifest kontrolü.,F28 F29,.github/workflows/verify-integrity.yml; tools/verify_manifest.py,evidence/v1/P00/P00.1-execution-record.md,IMPLEMENTATION_COMPLETE,Onaylanmadı
P00.2,Lock Product/Architecture/Security/Data/Extension/UI/Release constitutions,Metinler korunmuş,7 anayasa özgün içerikle aynı. Kod uyumu dosya varlığıyla kanıtlanmıyor.,F28 F29,tools/verify_constitutions.py; tools/verify_manifest.py,evidence/v1/P00/P00.2-execution-record.md,IMPLEMENTATION_COMPLETE,Onaylanmadı
P00.3,Lock V1/V1.1/V2 scope and machine-readable dependency graph,Kapsam kayıtları korunmuş,Scope/roadmap/domain kayıtları özgün planla aynı; ürün tamamlanmasına delil değildir.,F28 F29,tools/verify_scope_dependencies.py,evidence/v1/P00/P00.3-execution-record.md,IMPLEMENTATION_COMPLETE,Onaylanmadı
P00.4,Bootstrap CI/evidence structure and gate statuses,Eksik gate,Faz kanıt paketleri eksik; gerçek CI PHP/test/security/DB çalıştırmıyor.,F28 F29,tools/check_gate.py,evidence/v1/P00/P00.4-execution-record.md,IMPLEMENTATION_COMPLETE,Onaylanmadı
P00.5,"Validate AI roles, change-control and forbidden actions",Protokol var / enforcement yetersiz,AI rollerinin dokümanı var; independent reviewer kimliği/kanıtı doğrulanamadı.,F28 F29,tools/scan_forbidden_actions.py,evidence/v1/P00/P00.5-execution-record.md,IMPLEMENTATION_COMPLETE,Onaylanmadı
P01.1,Runtime/environment bootstrap,Kısmi,Runtime bootstrap mevcut; HTTP/CLI uygulama girişi yok.,F01 F02 F03 F22,src/Foundation/Bootstrap/Bootstrap.php; src/Foundation/Runtime/Environment.php; src/Foundation/Runtime/SystemRequirements.php; tests/Unit/Foundation/Bootstrap/BootstrapTest.php; tests/Unit/Foundation/Runtime/EnvironmentTest.php; tests/Unit/Foundation/Runtime/SystemRequirementsTest.php; tools/run_all_checks.py,evidence/v1/P01/P01.1-execution-record.md,IMPLEMENTATION_COMPLETE,Onaylanmadı
P01.2,Config/container/service registration,Kısmi,Container var; Core provider domainlere bağımlı ve Vault key fallback sabit.,F01 F02 F03 F22,src/Foundation/Bootstrap/CoreServiceProvider.php; src/Foundation/Config/ConfigRepository.php; src/Foundation/Container/Container.php; src/Foundation/Container/ContainerException.php; src/Foundation/Container/NotFoundException.php; src/Foundation/Container/ServiceProviderInterface.php; tests/Unit/Foundation/Config/ConfigRepositoryTest.php; tests/Unit/Foundation/Container/ContainerTest.php; tools/run_all_checks.py,evidence/v1/P01/P01.2-execution-record.md,IMPLEMENTATION_COMPLETE,Onaylanmadı
P01.3,HTTP request/response/router/middleware,Kısmi,HTTP/router/pipeline var; gerçek uygulama routes/middleware bileşimi yok.,F01 F02 F03 F22,src/Foundation/Http/Middleware/SecurityHeadersMiddleware.php; src/Foundation/Http/MiddlewareInterface.php; src/Foundation/Http/Pipeline.php; src/Foundation/Http/Request.php; src/Foundation/Http/Response.php; src/Foundation/Http/Route.php; src/Foundation/Http/Router.php; tests/Unit/Foundation/Http/PipelineTest.php; tests/Unit/Foundation/Http/RequestTest.php; tests/Unit/Foundation/Http/ResponseTest.php; tests/Unit/Foundation/Http/RouterTest.php; tools/run_all_checks.py,evidence/v1/P01/P01.3-execution-record.md,IMPLEMENTATION_COMPLETE,Onaylanmadı
P01.4,DB connection/transactions/migrations,Engelli,"Connection/migrator primitive var; production migration yok, şemalar çatışıyor.",F01 F02 F03 F22,src/Foundation/Bootstrap/CoreServiceProvider.php; src/Foundation/Database/Connection.php; src/Foundation/Database/ConnectionFactory.php; src/Foundation/Database/MigrationInterface.php; src/Foundation/Database/Migrator.php; tests/Unit/Foundation/Database/ConnectionTest.php; tests/Unit/Foundation/Database/MigratorTest.php; tools/run_all_checks.py,evidence/v1/P01/P01.4-execution-record.md,IMPLEMENTATION_COMPLETE,Onaylanmadı
P01.5,Validation + centralized exception/error-code model,Bileşen/not mevcut; release kabulü açık,"Framework bileşenleri mevcut; executable uygulama, canonical migrations ve katman enforcement eksik.",F01 F02 F03 F22,src/Foundation/Exceptions/AppException.php; src/Foundation/Exceptions/AuthenticationException.php; src/Foundation/Exceptions/AuthorizationException.php; src/Foundation/Exceptions/ConflictException.php; src/Foundation/Exceptions/ResourceNotFoundException.php; src/Foundation/Exceptions/ValidationException.php; src/Foundation/Validation/Validator.php; tests/Unit/Foundation/Exceptions/AppExceptionTest.php; tests/Unit/Foundation/Validation/ValidatorTest.php; tools/run_all_checks.py,evidence/v1/P01/P01.5-execution-record.md,IMPLEMENTATION_COMPLETE,Onaylanmadı
P01.6,Event bus + Application Command/Query contracts,Kısmi,Command/Query/Event sözleşmeleri var; tüm business girişleri bunları kullanmıyor.,F01 F02 F03 F22,src/Foundation/Bootstrap/CoreServiceProvider.php; src/Foundation/Bus/CommandBus.php; src/Foundation/Bus/CommandHandlerInterface.php; src/Foundation/Bus/CommandInterface.php; src/Foundation/Bus/QueryBus.php; src/Foundation/Bus/QueryHandlerInterface.php; src/Foundation/Bus/QueryInterface.php; src/Foundation/Events/EventBus.php; src/Foundation/Events/EventInterface.php; src/Foundation/Events/ListenerInterface.php; tests/Unit/Foundation/Bus/CommandBusTest.php; tests/Unit/Foundation/Bus/QueryBusTest.php; tests/Unit/Foundation/Events/EventBusTest.php; tools/run_all_checks.py,evidence/v1/P01/P01.6-execution-record.md,IMPLEMENTATION_COMPLETE,Onaylanmadı
P01.7,Architecture dependency tests and public contract conventions,Yetersiz kontrol,Regex architecture testleri kritik cross-domain/DI sınırlarını kapsamıyor.,F01 F02 F03 F22,tests/Architecture/ArchitectureTest.php; tools/run_all_checks.py,evidence/v1/P01/P01.7-execution-record.md,IMPLEMENTATION_COMPLETE,Onaylanmadı
P02.1,Structured logging + correlation/request/operation IDs,Bileşen/not mevcut; release kabulü açık,"Operasyon primitives mevcut; atomiklik, kalıcı scheduler/cron ve doğru health bağlantıları doğrulanmalı.",F16 F26,src/Foundation/Bootstrap/CoreServiceProvider.php; src/Foundation/Logging/LogManager.php; src/Foundation/Logging/LogSanitizer.php; src/Foundation/Logging/Logger.php; src/Foundation/Telemetry/CorrelationContext.php; tests/Unit/Foundation/Logging/LogSanitizerTest.php; tests/Unit/Foundation/Logging/LoggerTest.php; tests/Unit/Foundation/Telemetry/CorrelationContextTest.php; tools/run_all_checks.py,evidence/v1/P02/P02.1-execution-record.md,IMPLEMENTATION_COMPLETE,Onaylanmadı
P02.2,Private storage abstraction,Bileşen/not mevcut; release kabulü açık,"Operasyon primitives mevcut; atomiklik, kalıcı scheduler/cron ve doğru health bağlantıları doğrulanmalı.",F16 F26,src/Foundation/Bootstrap/CoreServiceProvider.php; src/Foundation/Storage/LocalStorage.php; src/Foundation/Storage/StorageInterface.php; src/Foundation/Storage/StorageManager.php; tests/Unit/Foundation/Storage/LocalStorageTest.php; tools/run_all_checks.py,evidence/v1/P02/P02.2-execution-record.md,IMPLEMENTATION_COMPLETE,Onaylanmadı
P02.3,Cache contract + DB/file baseline,Bileşen/not mevcut; release kabulü açık,"Operasyon primitives mevcut; atomiklik, kalıcı scheduler/cron ve doğru health bağlantıları doğrulanmalı.",F16 F26,src/Foundation/Bootstrap/CoreServiceProvider.php; src/Foundation/Cache/ArrayCache.php; src/Foundation/Cache/CacheInterface.php; src/Foundation/Cache/CacheManager.php; src/Foundation/Cache/DatabaseCache.php; src/Foundation/Cache/FileCache.php; tests/Unit/Foundation/Cache/ArrayCacheTest.php; tests/Unit/Foundation/Cache/DatabaseCacheTest.php; tests/Unit/Foundation/Cache/FileCacheTest.php; tools/run_all_checks.py,evidence/v1/P02/P02.3-execution-record.md,IMPLEMENTATION_COMPLETE,Onaylanmadı
P02.4,Lock/idempotency primitives,Kısmi,DB unique lock primitive var; kritik domain mutasyonlarına kapsamlı bağlanmamış.,F16 F26,src/Foundation/Bootstrap/CoreServiceProvider.php; src/Foundation/Idempotency/IdempotencyManager.php; src/Foundation/Lock/DatabaseLock.php; src/Foundation/Lock/LockInterface.php; tests/Unit/Foundation/Idempotency/IdempotencyManagerTest.php; tests/Unit/Foundation/Lock/DatabaseLockTest.php; tools/run_all_checks.py,evidence/v1/P02/P02.4-execution-record.md,IMPLEMENTATION_COMPLETE,Onaylanmadı
P02.5,Database queue + priority/retry/DLQ,Atomiklik açık,Pop read/update row lock veya conditional claim yok; priority sütunu ve gerçek jitter yok.,F16 F26,src/Foundation/Queue/DatabaseQueue.php; src/Foundation/Queue/JobInterface.php; src/Foundation/Queue/QueueInterface.php; src/Foundation/Queue/QueueJob.php; src/Foundation/Queue/QueueWorker.php; tests/Unit/Foundation/Queue/DatabaseQueueTest.php,evidence/v1/P02/P02.5-execution-record.md,PASS,Onaylanmadı
P02.6,Scheduler + overlap/missed-run/heartbeat,Kısmi,Scheduler primitive mevcut; gerçek bin/cron entry ve Doctor zaman alanı uyuşmuyor.,F16 F26,src/Foundation/Scheduler/ScheduledTask.php; src/Foundation/Scheduler/Scheduler.php; tests/Unit/Foundation/Scheduler/SchedulerTest.php,evidence/v1/P02/P02.6-execution-record.md,PASS,Onaylanmadı
P02.7,Health contracts + installer/backup skeletons,İskelet var,Skeleton P02 için anlamlı; P17 production kabulünün yerine kullanılamaz.,F16 F26,src/Foundation/Backup/BackupSkeleton.php; src/Foundation/Health/DatabaseHealthCheck.php; src/Foundation/Health/HealthCheckInterface.php; src/Foundation/Health/HealthCheckResult.php; src/Foundation/Health/HealthManager.php; src/Foundation/Health/StorageHealthCheck.php; src/Foundation/Installer/InstallerSkeleton.php; tests/Unit/Foundation/Health/HealthAndSkeletonsTest.php,evidence/v1/P02/P02.7-execution-record.md,PASS,Onaylanmadı
P02.8,Runtime/memory budget and graceful worker stop,Bileşen/not mevcut; release kabulü açık,"Operasyon primitives mevcut; atomiklik, kalıcı scheduler/cron ve doğru health bağlantıları doğrulanmalı.",F16 F26,src/Foundation/Worker/WorkerSupervisor.php; tests/Unit/Foundation/Worker/WorkerSupervisorTest.php,evidence/v1/P02/P02.8-execution-record.md,PASS,Onaylanmadı
P03.1,Sessions/password/login/reset/email verification,Kısmi,Auth/session/token bileşenleri var; secure cookie/session rotation/login rate-limit production chain yok.,F03 F08 F09 F23 F31,src/Domain/Identity/Auth/AuthService.php; src/Domain/Identity/Security/PasswordHasher.php; src/Domain/Identity/Session/DatabaseSessionHandler.php; tests/Unit/Domain/Identity/AuthServiceTest.php,evidence/v1/P03/P03.1-execution-record.md,PASS,Onaylanmadı
P03.2,TOTP 2FA/recovery/trusted devices/admin 2FA policy,Kısmi / secret açık,TOTP/recovery/trusted device var; TOTP plaintext ve mandatory admin policy login zincirine bağlı değil.,F03 F08 F09 F23 F31,src/Domain/Identity/TwoFactor/TotpEngine.php; src/Domain/Identity/TwoFactor/TwoFactorService.php; tests/Unit/Domain/Identity/TwoFactorServiceTest.php,evidence/v1/P03/P03.2-execution-record.md,PASS,Onaylanmadı
P03.3,Organizations/memberships/invitations/switching,Bileşen/not mevcut; release kabulü açık,"Güvenlik bileşenleri mevcut; kurulum şema çatışması, sır saklama ve guard entegrasyonu engelli.",F03 F08 F09 F23 F31,src/Domain/Identity/Organization/OrganizationService.php; tests/Unit/Domain/Identity/OrganizationServiceTest.php,evidence/v1/P03/P03.3-execution-record.md,PASS,Onaylanmadı
P03.4,Admin + organization RBAC and permission matrix,Engelli,Fresh installer şemasında RBAC sorgusu hata veriyor; granular guard tüm komutlara bağlı değil.,F03 F08 F09 F23 F31,src/Domain/Identity/Rbac/RbacService.php; tests/Unit/Domain/Identity/RbacServiceTest.php,evidence/v1/P03/P03.4-execution-record.md,PASS,Onaylanmadı
P03.5,Admin impersonation restrictions/audit,Kısmi,Impersonation guard/audit var; gerçek session/operation yüzeylerine bağ doğrulanamadı.,F03 F08 F09 F23 F31,src/Domain/Identity/Audit/AuditLogger.php; src/Domain/Identity/Impersonation/ImpersonationService.php; tests/Unit/Domain/Identity/ImpersonationAndAuditTest.php,evidence/v1/P03/P03.5-execution-record.md,PASS,Onaylanmadı
P03.6,TR/EN localization + CI key parity,Kısmi,Dictionary parity testi geçiyor; shell kullanıcı metinleri hardcoded ve CI parity koşmuyor.,F03 F08 F09 F23 F31,src/Foundation/Localization/Translator.php; tests/Unit/Foundation/Localization/TranslatorTest.php,evidence/v1/P03/P03.6-execution-record.md,PASS,Onaylanmadı
P03.7,Single-active Brand foundation,Bileşen/not mevcut; release kabulü açık,"Güvenlik bileşenleri mevcut; kurulum şema çatışması, sır saklama ve guard entegrasyonu engelli.",F03 F08 F09 F23 F31,src/Domain/Brand/BrandService.php; tests/Unit/Domain/Brand/BrandServiceTest.php,evidence/v1/P03/P03.7-execution-record.md,PASS,Onaylanmadı
P03.8,Vault/encryption/secret audit,Engelli,Vault encryption var; bilinen fallback key ve alternatif plaintext credential yolları mevcut.,F03 F08 F09 F23 F31,src/Domain/Vault/Encryptor.php; src/Domain/Vault/VaultService.php; tests/Unit/Domain/Vault/VaultServiceTest.php,evidence/v1/P03/P03.8-execution-record.md,PASS,Onaylanmadı
P03.9,Privacy data-classification/consent foundation,Bileşen/not mevcut; release kabulü açık,"Güvenlik bileşenleri mevcut; kurulum şema çatışması, sır saklama ve guard entegrasyonu engelli.",F03 F08 F09 F23 F31,src/Domain/Privacy/DataClassification.php; src/Domain/Privacy/PrivacyConsentService.php; tests/Unit/Domain/Privacy/PrivacyConsentServiceTest.php,evidence/v1/P03/P03.9-execution-record.md,PASS,Onaylanmadı
P03.10,Module manifest/discovery/lifecycle/capability foundation,Kısmi,Manifest/lifecycle var; quarantine/path/permission/migration/health install zinciri eksik.,F03 F08 F09 F23 F31,src/Domain/Module/ModuleLifecycleService.php; src/Domain/Module/ModuleManifest.php; tests/Unit/Domain/Module/ModuleLifecycleServiceTest.php,evidence/v1/P03/P03.10-execution-record.md,PASS,Onaylanmadı
P04.1,Design tokens + core component library,Bileşen var,Tokens ve renderer var; deploy edilmiş asset yolu ve tam bileşen deneyimi eksik.,F01 F23 F24,src/Ui/Components/ComponentRenderer.php; src/Ui/tokens.css; tests/Unit/Ui/ComponentRendererTest.php,evidence/v1/P04/P04.1-execution-record.md,PASS,Onaylanmadı
P04.2,Admin shell/sidebar/density/theme/Action Center skeleton,İskelet,Admin shell HTML’i mevcut; operational screens/theme-density davranışı yok.,F01 F23 F24,src/Ui/Admin/AdminShell.php; tests/Unit/Ui/AdminShellTest.php,evidence/v1/P04/P04.2-execution-record.md,PASS,Onaylanmadı
P04.3,Client shell/navigation,İskelet,Client shell HTML’i mevcut; gerçek self-service pages/default theme akışı yok.,F01 F23 F24,src/Ui/Client/ClientShell.php; tests/Unit/Ui/ClientShellTest.php,evidence/v1/P04/P04.3-execution-record.md,PASS,Onaylanmadı
P04.4,DataTable/drawers/modals/workspace patterns,Kısmi,DataTable/drawer/modal HTML’i mevcut; progressive JS/focus davranışı yok.,F01 F23 F24,src/Ui/Patterns/DataTable.php; src/Ui/Patterns/Drawer.php; src/Ui/Patterns/Modal.php; tests/Unit/Ui/WorkspacePatternsTest.php,evidence/v1/P04/P04.4-execution-record.md,PASS,Onaylanmadı
P04.5,Keyboard/Ctrl+K/global search foundation,Kısmi,Search/palette HTML/modeli var; Ctrl+K event ve gerçek veri/yetki entegrasyonu yok.,F01 F23 F24,src/Ui/Search/GlobalSearchIndex.php; tests/Unit/Ui/GlobalSearchIndexTest.php,evidence/v1/P04/P04.5-execution-record.md,PASS,Onaylanmadı
P04.6,Accessibility test harness,Sınırlı harness,Regex/renk hesabı var; browser accessibility/keyboard/focus/visual yok.,F01 F23 F24,src/Ui/Accessibility/AccessibilityValidator.php; tests/Unit/Ui/AccessibilityValidatorTest.php,evidence/v1/P04/P04.6-execution-record.md,PASS,Onaylanmadı
P04.7,REST /api/v1 auth/scopes/errors/pagination/rate-limit/idempotency,Kısmi,ApiKey/rate-limit/errors helper var; gerçek /api/v1 route-auth-scope-idempotency chain yok.,F01 F23 F24,src/Api/Auth/ApiKeyService.php; src/Api/RateLimit/RateLimiter.php; src/Api/Response/ApiResponse.php; tests/Unit/Api/ApiFoundationTest.php,evidence/v1/P04/P04.7-execution-record.md,PASS,Onaylanmadı
P04.8,OpenAPI generation + API logs,Kısmi,OpenAPI/log helper var; gerçek route sözleşmesiyle otomatik doğrulama yok.,F01 F23 F24,src/Api/Docs/OpenApiGenerator.php; src/Api/Logging/ApiRequestLogger.php; tests/Unit/Api/OpenApiAndApiLogsTest.php,evidence/v1/P04/P04.8-execution-record.md,PASS,Onaylanmadı
P05.1,Product groups/products/localized content,Bileşen/not mevcut; release kabulü açık,Katalog/fiyat/vergi hesaplayıcıları korunabilir; authoritative commerce entegrasyonu ve mutation kanıtı eksik.,F07 F30,src/Domain/Catalog/Entities/Product.php; src/Domain/Catalog/Entities/ProductGroup.php; src/Domain/Catalog/Services/CatalogService.php; tests/Unit/Catalog/CatalogServiceTest.php,evidence/v1/P05/P05.1-execution-record.md,PASS,Onaylanmadı
P05.2,Configurable options/addons/availability basics,Bileşen/not mevcut; release kabulü açık,Katalog/fiyat/vergi hesaplayıcıları korunabilir; authoritative commerce entegrasyonu ve mutation kanıtı eksik.,F07 F30,src/Domain/Catalog/Entities/ConfigurableOption.php; src/Domain/Catalog/Entities/ConfigurableOptionSub.php; src/Domain/Catalog/Entities/ProductAddon.php; src/Domain/Catalog/Entities/ProductAvailability.php; src/Domain/Catalog/Services/CatalogService.php; tests/Unit/Catalog/CatalogServiceTest.php,evidence/v1/P05/P05.2-execution-record.md,PASS,Onaylanmadı
P05.3,Currency model + FX snapshots/provider abstraction,Bileşen/not mevcut; release kabulü açık,Katalog/fiyat/vergi hesaplayıcıları korunabilir; authoritative commerce entegrasyonu ve mutation kanıtı eksik.,F07 F30,src/Domain/Finance/Currency/Currency.php; src/Domain/Finance/Currency/CurrencyService.php; src/Domain/Finance/Fx/FxRateProviderInterface.php; src/Domain/Finance/Fx/FxSnapshot.php; src/Domain/Finance/Fx/StaticFxRateProvider.php; tests/Unit/Finance/CurrencyAndFxTest.php,evidence/v1/P05/P05.3-execution-record.md,PASS,Onaylanmadı
P05.4,One-time/recurring/setup and cycle pricing,Bileşen/not mevcut; release kabulü açık,Katalog/fiyat/vergi hesaplayıcıları korunabilir; authoritative commerce entegrasyonu ve mutation kanıtı eksik.,F07 F30,src/Domain/Pricing/Entities/PriceCycle.php; src/Domain/Pricing/Entities/PricePoint.php; src/Domain/Pricing/Entities/PriceQuote.php; src/Domain/Pricing/Services/PricingService.php; tests/Unit/Pricing/PricingServiceTest.php,evidence/v1/P05/P05.4-execution-record.md,PASS,Onaylanmadı
P05.5,Customer/service price overrides,Bileşen/not mevcut; release kabulü açık,Katalog/fiyat/vergi hesaplayıcıları korunabilir; authoritative commerce entegrasyonu ve mutation kanıtı eksik.,F07 F30,src/Domain/Pricing/Entities/PriceOverride.php; src/Domain/Pricing/Services/PricingService.php; tests/Unit/Pricing/PricingServiceTest.php,evidence/v1/P05/P05.5-execution-record.md,PASS,Onaylanmadı
P05.6,Prorata + upgrade/downgrade quote calculations,Bileşen/not mevcut; release kabulü açık,Katalog/fiyat/vergi hesaplayıcıları korunabilir; authoritative commerce entegrasyonu ve mutation kanıtı eksik.,F07 F30,src/Domain/Pricing/Entities/ProrataCalculation.php; src/Domain/Pricing/Entities/UpgradeDowngradeQuote.php; src/Domain/Pricing/Services/PricingService.php; tests/Unit/Pricing/PricingServiceTest.php,evidence/v1/P05/P05.6-execution-record.md,PASS,Onaylanmadı
P05.7,Tax classes/zones/rates/exemption/inclusive/exclusive,Bileşen/not mevcut; release kabulü açık,Katalog/fiyat/vergi hesaplayıcıları korunabilir; authoritative commerce entegrasyonu ve mutation kanıtı eksik.,F07 F30,src/Domain/Tax/Entities/TaxCalculationResult.php; src/Domain/Tax/Entities/TaxClass.php; src/Domain/Tax/Entities/TaxRate.php; src/Domain/Tax/Entities/TaxZone.php; src/Domain/Tax/Services/TaxService.php; tests/Unit/Tax/TaxServiceTest.php,evidence/v1/P05/P05.7-execution-record.md,PASS,Onaylanmadı
P05.8,Pricing/tax property & mutation golden tests,Eksik kabul kanıtı,Golden hesaplama testleri var; mutation runner/skor/rapor yok.,F07 F30,tests/Unit/Pricing/PricingAndTaxGoldenPropertyTest.php,evidence/v1/P05/P05.8-execution-record.md,PASS,Onaylanmadı
P06.1,Order state machine and admin/client order creation,Engelli,Order modeli var; müşteri unit_price_minor override ile authoritative fiyatı bypass ediyor.,F02 F05 F07 F16,src/Domain/Commerce/Orders/Order.php; src/Domain/Commerce/Orders/OrderItem.php; src/Domain/Commerce/Orders/OrderService.php; src/Domain/Commerce/Orders/OrderStateMachine.php; tests/Unit/Commerce/OrderServiceTest.php,evidence/v1/P06/P06.1-execution-record.md,PASS,Onaylanmadı
P06.2,Invoice finalization/numbering/line-tax-currency snapshots,Engelli,"Invoice snapshot modeli var; negatif/client totals, MariaDB numbering ve finalize invariants açık.",F02 F05 F07 F16,src/Domain/Commerce/Invoices/Invoice.php; src/Domain/Commerce/Invoices/InvoiceItem.php; src/Domain/Commerce/Invoices/InvoiceService.php; tests/Unit/Commerce/InvoiceServiceTest.php,evidence/v1/P06/P06.2-execution-record.md,PASS,Onaylanmadı
P06.3,Payment entity + allocations + manual/bank payment,Engelli,Müşteri manual yöntemiyle completed ödeme ve paid invoice üretebiliyor.,F02 F05 F07 F16,src/Domain/Commerce/Invoices/InvoiceService.php; src/Domain/Commerce/Payments/Payment.php; src/Domain/Commerce/Payments/PaymentAllocation.php; src/Domain/Commerce/Payments/PaymentService.php; tests/Unit/Commerce/PaymentServiceTest.php,evidence/v1/P06/P06.3-execution-record.md,PASS,Onaylanmadı
P06.4,Partial/split payments and basic refunds,Atomiklik açık,Partial/split/refund bileşenleri var; race/reconciliation ve transaction garantileri eksik.,F02 F05 F07 F16,src/Domain/Commerce/Invoices/InvoiceService.php; src/Domain/Commerce/Payments/Payment.php; src/Domain/Commerce/Payments/PaymentService.php; src/Domain/Commerce/Payments/Refund.php; tests/Unit/Commerce/PartialPaymentAndRefundTest.php,evidence/v1/P06/P06.4-execution-record.md,PASS,Onaylanmadı
P06.5,Credit ledger and adjustments,Atomiklik açık,Credit ledger var; debit check ve write tek atomic koruma altında değil.,F02 F05 F07 F16,src/Domain/Commerce/Credit/CreditEntry.php; src/Domain/Commerce/Credit/CreditService.php; tests/Unit/Commerce/CreditLedgerTest.php,evidence/v1/P06/P06.5-execution-record.md,PASS,Onaylanmadı
P06.6,Recurring/renewal invoice primitives,Bileşen/not mevcut; release kabulü açık,"Ticaret modeli ve testler var; settlement yetkisi, MariaDB, para invariants ve atomiklik eksik.",F02 F05 F07 F16,src/Domain/Commerce/Invoices/InvoiceService.php; src/Domain/Commerce/Recurring/BillingPeriod.php; src/Domain/Commerce/Recurring/RenewalInvoiceService.php; tests/Unit/Commerce/RecurringRenewalTest.php,evidence/v1/P06/P06.6-execution-record.md,PASS,Onaylanmadı
P06.7,Manual service creation/state model,Bileşen/not mevcut; release kabulü açık,"Ticaret modeli ve testler var; settlement yetkisi, MariaDB, para invariants ve atomiklik eksik.",F02 F05 F07 F16,src/Domain/Commerce/Services/Service.php; src/Domain/Commerce/Services/ServiceService.php; src/Domain/Commerce/Services/ServiceStateMachine.php; tests/Unit/Commerce/ServiceLifecycleTest.php,evidence/v1/P06/P06.7-execution-record.md,PASS,Onaylanmadı
P06.8,Golden Manual Commerce E2E,Bileşen E2E,Doğrudan hizmet çağrıları test ediliyor; gerçek HTTP/UI/MariaDB kullanıcı akışı değil.,F02 F05 F07 F16,tests/Integration/Commerce/GoldenManualCommerceE2ETest.php,evidence/v1/P06/P06.8-execution-record.md,PASS,Onaylanmadı
P07.1,Financial accounts/bank/cash/gateway ledger views,Bileşen/not mevcut; release kabulü açık,"Finans ve belge modelleri var; gerçek UI/DB, Unicode ve çok sayfalı PDF kabulü eksik.",F02 F25,src/Domain/Finance/Accounts/AccountTransaction.php; src/Domain/Finance/Accounts/FinancialAccount.php; src/Domain/Finance/Accounts/FinancialAccountService.php; tests/Unit/Finance/FinancialAccountServiceTest.php,evidence/v1/P07/P07.1-execution-record.md,PASS,Onaylanmadı
P07.2,Income/expense/categories/vendors/recurring expense basics,Bileşen/not mevcut; release kabulü açık,"Finans ve belge modelleri var; gerçek UI/DB, Unicode ve çok sayfalı PDF kabulü eksik.",F02 F25,src/Domain/Finance/Expenses/Expense.php; src/Domain/Finance/Expenses/ExpenseService.php; src/Domain/Finance/Expenses/FinanceCategory.php; src/Domain/Finance/Expenses/RecurringExpense.php; src/Domain/Finance/Expenses/Vendor.php; tests/Unit/Finance/ExpenseServiceTest.php,evidence/v1/P07/P07.2-execution-record.md,PASS,Onaylanmadı
P07.3,Gateway settlement model and basic profitability,Bileşen/not mevcut; release kabulü açık,"Finans ve belge modelleri var; gerçek UI/DB, Unicode ve çok sayfalı PDF kabulü eksik.",F02 F25,src/Domain/Finance/Profitability/GatewaySettlement.php; src/Domain/Finance/Profitability/ProfitabilityReport.php; src/Domain/Finance/Profitability/ProfitabilityService.php; tests/Unit/Finance/ProfitabilityServiceTest.php,evidence/v1/P07/P07.3-execution-record.md,PASS,Onaylanmadı
P07.4,Common template/view-model/PDF renderer,Engelli,PDF tek sayfa ve uzun metin kesiliyor; Türkçe Unicode font desteği yok.,F02 F25,src/Domain/Documents/DocumentType.php; src/Domain/Documents/Rendering/DocumentItemLine.php; src/Domain/Documents/Rendering/DocumentLocalization.php; src/Domain/Documents/Rendering/DocumentParty.php; src/Domain/Documents/Rendering/DocumentRenderService.php; src/Domain/Documents/Rendering/DocumentTaxBreakdown.php; src/Domain/Documents/Rendering/DocumentTemplateEngine.php; src/Domain/Documents/Rendering/DocumentViewModel.php; src/Domain/Documents/Rendering/PdfRendererInterface.php; tests/Unit/Documents/DocumentRenderServiceTest.php,evidence/v1/P07/P07.4-execution-record.md,PASS,Onaylanmadı
P07.5,Central document numbering/version/snapshot/hash/private storage,Kısmi,"Numbering/version/snapshot/private storage var; bazı DDL SQLite’a özgü, concurrent version kabulü açık.",F02 F25,src/Domain/Documents/Numbering/DocumentNumberGenerator.php; src/Domain/Documents/Snapshots/DocumentSnapshot.php; src/Domain/Documents/Snapshots/DocumentSnapshotService.php; src/Domain/Documents/Storage/DocumentStorageInterface.php; tests/Unit/Documents/DocumentSnapshotServiceTest.php,evidence/v1/P07/P07.5-execution-record.md,PASS,Onaylanmadı
P07.6,Quote revisions/expiry/accept-reject/order conversion,Bileşen/not mevcut; release kabulü açık,"Finans ve belge modelleri var; gerçek UI/DB, Unicode ve çok sayfalı PDF kabulü eksik.",F02 F25,src/Domain/Documents/Quotes/Quote.php; src/Domain/Documents/Quotes/QuoteItem.php; src/Domain/Documents/Quotes/QuoteService.php; src/Domain/Documents/Quotes/QuoteStateMachine.php; src/Domain/Documents/Quotes/QuoteStatus.php; tests/Unit/Documents/QuoteServiceTest.php,evidence/v1/P07/P07.6-execution-record.md,PASS,Onaylanmadı
P07.7,Proforma separate entity,Bileşen/not mevcut; release kabulü açık,"Finans ve belge modelleri var; gerçek UI/DB, Unicode ve çok sayfalı PDF kabulü eksik.",F02 F25,src/Domain/Documents/Proforma/ProformaInvoice.php; src/Domain/Documents/Proforma/ProformaItem.php; src/Domain/Documents/Proforma/ProformaService.php; src/Domain/Documents/Proforma/ProformaStatus.php; tests/Unit/Documents/ProformaServiceTest.php,evidence/v1/P07/P07.7-execution-record.md,PASS,Onaylanmadı
P07.8,Basic contract/service/commitment/internal acceptance,Bileşen/not mevcut; release kabulü açık,"Finans ve belge modelleri var; gerçek UI/DB, Unicode ve çok sayfalı PDF kabulü eksik.",F02 F25,src/Domain/Documents/Contracts/Contract.php; src/Domain/Documents/Contracts/ContractService.php; src/Domain/Documents/Contracts/ContractStateMachine.php; src/Domain/Documents/Contracts/ContractStatus.php; tests/Unit/Documents/ContractServiceTest.php,evidence/v1/P07/P07.8-execution-record.md,PASS,Onaylanmadı
P08.1,Notification Engine + SMTP + TR/EN templates,Kısmi / false success,Gerçek SMTP transport var; default NotificationEngine ve installer test memory transport.,F06 F23 F27,src/Domain/Notifications/Channel/NotificationChannel.php; src/Domain/Notifications/Channel/NotificationPriority.php; src/Domain/Notifications/Delivery/DeliveryResult.php; src/Domain/Notifications/Messages/NotificationMessage.php; src/Domain/Notifications/NotificationEngine.php; src/Domain/Notifications/Templates/NotificationTemplateEngine.php; src/Domain/Notifications/Transport/MailerInterface.php; src/Domain/Notifications/Transport/MemoryMailTransport.php; src/Domain/Notifications/Transport/SmtpConfiguration.php; src/Domain/Notifications/Transport/SmtpTransport.php; tests/Unit/Notifications/NotificationEngineTest.php,evidence/v1/P08/P08.1-execution-record.md,PASS,Onaylanmadı
P08.2,Notification preferences/delivery history/panel Notification Center,Bileşen/not mevcut; release kabulü açık,"Transport/controller bileşenleri var; callback doğrulaması, gerçek SMTP ve auth/sandbox kanıtı eksik.",F06 F23 F27,src/Domain/Notifications/Center/InAppNotification.php; src/Domain/Notifications/Center/NotificationCenterService.php; src/Domain/Notifications/History/NotificationLog.php; src/Domain/Notifications/Preferences/NotificationPreference.php; tests/Unit/Notifications/NotificationCenterServiceTest.php,evidence/v1/P08/P08.2-execution-record.md,PASS,Onaylanmadı
P08.3,Transactional vs marketing separation + announcements basic,Bileşen/not mevcut; release kabulü açık,"Transport/controller bileşenleri var; callback doğrulaması, gerçek SMTP ve auth/sandbox kanıtı eksik.",F06 F23 F27,src/Domain/Notifications/Announcements/Announcement.php; src/Domain/Notifications/Announcements/AnnouncementService.php; src/Domain/Notifications/Classification/NotificationNature.php; src/Domain/Notifications/Unsubscribe/UnsubscribeService.php; tests/Unit/Notifications/AnnouncementServiceTest.php,evidence/v1/P08/P08.3-execution-record.md,PASS,Onaylanmadı
P08.4,Webhooks HMAC/retry/delivery/manual redelivery,Kısmi,Outbound signer/retry/delivery var; gerçek HTTP/security/queue bağları doğrulanmadı.,F06 F23 F27,src/Domain/Webhooks/WebhookDelivery.php; src/Domain/Webhooks/WebhookEndpoint.php; src/Domain/Webhooks/WebhookService.php; src/Domain/Webhooks/WebhookSigner.php; tests/Unit/Webhooks/WebhookServiceTest.php,evidence/v1/P08/P08.4-execution-record.md,PASS,Onaylanmadı
P08.5,iyzico provider contract implementation,Auth uyumu açık,iyzico native HTTP var; raw JSON SHA1 auth güncel HMAC-SHA256 sözleşmesiyle farklı.,F06 F23 F27,src/Domain/Commerce/Payments/Gateways/Iyzico/IyzicoConfiguration.php; src/Domain/Commerce/Payments/Gateways/Iyzico/IyzicoPaymentGateway.php; src/Domain/Commerce/Payments/Gateways/PaymentGatewayInterface.php; tests/Unit/Payments/IyzicoPaymentGatewayTest.php,evidence/v1/P08/P08.5-execution-record.md,PASS,Onaylanmadı
P08.6,Payment webhook/idempotency/refund failure scenarios,Engelli,Callback paid amount/currency kontrolü eksik; event unique/atomiklik ve refund uncertainty açık.,F06 F23 F27,src/Domain/Commerce/Payments/Exceptions/PaymentRefundFailedException.php; src/Domain/Commerce/Payments/Gateways/PaymentWebhookEvent.php; src/Domain/Commerce/Payments/Gateways/PaymentWebhookHandler.php; src/Domain/Commerce/Payments/Gateways/PaymentWebhookResult.php; src/Domain/Commerce/Payments/PaymentService.php; src/Domain/Commerce/Payments/RefundAttempt.php; tests/Unit/Payments/PaymentWebhookAndRefundTest.php,evidence/v1/P08/P08.6-execution-record.md,PASS,Onaylanmadı
P08.7,Expose commerce domain API endpoints through Application layer,Kısmi / güvenlik engelli,4 commerce controller/Application var; fiyat/settlement açıkları ve route binding eksik.,F06 F23 F27,src/Api/Controllers/Commerce/InvoiceApiController.php; src/Api/Controllers/Commerce/OrderApiController.php; src/Api/Controllers/Commerce/PaymentApiController.php; src/Api/Controllers/Commerce/QuoteApiController.php; src/Application/Commerce/Invoices/CreateInvoiceCommand.php; src/Application/Commerce/Invoices/InvoiceApplicationService.php; src/Application/Commerce/Orders/CreateOrderCommand.php; src/Application/Commerce/Orders/OrderApplicationService.php; src/Application/Commerce/Payments/InitiateCheckoutCommand.php; src/Application/Commerce/Payments/PaymentApplicationService.php; src/Application/Commerce/Quotes/QuoteApplicationService.php; src/Domain/Commerce/Invoices/InvoiceService.php; src/Domain/Commerce/Orders/Order.php; tests/Unit/Api/CommerceApiAndApplicationLayerTest.php,evidence/v1/P08/P08.7-execution-record.md,PASS,Onaylanmadı
P08.8,Integration health hooks,Bileşen/not mevcut; release kabulü açık,"Transport/controller bileşenleri var; callback doğrulaması, gerçek SMTP ve auth/sandbox kanıtı eksik.",F06 F23 F27,src/Domain/Integrations/Health/IntegrationHealthRegistry.php; src/Domain/Integrations/Health/PaymentGatewayHealthCheck.php; src/Domain/Integrations/Health/SmtpHealthCheck.php; src/Domain/Integrations/Health/WebhookQueueHealthCheck.php; src/Foundation/Health/HealthCheckResult.php; tests/Unit/Foundation/Health/IntegrationHealthHooksTest.php,evidence/v1/P08/P08.8-execution-record.md,PASS,Onaylanmadı
P09.1,Service lifecycle/billing/placement relations,Bileşen/not mevcut; release kabulü açık,Service/provider/placement sözleşmeleri var; credential encryption ve kapasite yarışları kapanmalı.,F09 F16,src/Domain/Commerce/Services/Service.php; src/Domain/Commerce/Services/ServiceBillingRelation.php; src/Domain/Commerce/Services/ServiceCancellationRequest.php; src/Domain/Commerce/Services/ServicePlacement.php; src/Domain/Commerce/Services/ServiceService.php; tests/Unit/Services/ServiceLifecycleAndPlacementTest.php; tools/run_all_checks.py,evidence/v1/P09/P09.1-execution-record.md,PASS,Onaylanmadı
P09.2,Provider capability contracts and operation DTOs,Bileşen/not mevcut; release kabulü açık,Service/provider/placement sözleşmeleri var; credential encryption ve kapasite yarışları kapanmalı.,F09 F16,src/Domain/Providers/Contracts/AbstractProvider.php; src/Domain/Providers/Contracts/ProviderCapability.php; src/Domain/Providers/Contracts/ProviderCapabilitySet.php; src/Domain/Providers/Contracts/ProviderInterface.php; src/Domain/Providers/DTO/ProviderOperationResult.php; src/Domain/Providers/DTO/ServerConnectionDto.php; src/Domain/Providers/Exceptions/ProviderException.php; src/Domain/Providers/Exceptions/UnsupportedCapabilityException.php; src/Domain/Providers/Registry/ProviderRegistry.php; src/Domain/Providers/Testing/MockHostingProvider.php; tests/Unit/Providers/ProviderCapabilityAndOperationsTest.php; tools/run_all_checks.py,evidence/v1/P09/P09.2-execution-record.md,PASS,Onaylanmadı
P09.3,Server/Server Pool/location/capacity models,Bileşen/not mevcut; release kabulü açık,Service/provider/placement sözleşmeleri var; credential encryption ve kapasite yarışları kapanmalı.,F09 F16,src/Domain/Servers/Entities/Location.php; src/Domain/Servers/Entities/Server.php; src/Domain/Servers/Entities/ServerCapacity.php; src/Domain/Servers/Entities/ServerPool.php; src/Domain/Servers/Services/ServerService.php; tests/Unit/Servers/ServerAndCapacityTest.php; tools/run_all_checks.py,evidence/v1/P09/P09.3-execution-record.md,PASS,Onaylanmadı
P09.4,Placement Engine basic health/capacity/priority,Bileşen/not mevcut; release kabulü açık,Service/provider/placement sözleşmeleri var; credential encryption ve kapasite yarışları kapanmalı.,F09 F16,src/Domain/Servers/Placement/PlacementDecision.php; src/Domain/Servers/Placement/PlacementEngine.php; src/Domain/Servers/Placement/PlacementRequest.php; src/Domain/Servers/Placement/ServerHealthCheckerInterface.php; src/Domain/Servers/Placement/ServerHealthResult.php; tests/Unit/Servers/PlacementEngineTest.php; tools/run_all_checks.py,evidence/v1/P09/P09.4-execution-record.md,PASS,Onaylanmadı
P09.5,Capacity reserve→commit/release workflow,Atomiklik açık,Reserve→commit/release var; capacity check ve increment transactional/conditional değil.,F09 F16,src/Domain/Servers/Capacity/Entities/CapacityReservation.php; src/Domain/Servers/Capacity/Exceptions/CapacityExceededException.php; src/Domain/Servers/Capacity/Exceptions/ReservationException.php; src/Domain/Servers/Capacity/Services/CapacityReservationService.php; tests/Unit/Servers/CapacityReservationWorkflowTest.php; tools/run_all_checks.py,evidence/v1/P09/P09.5-execution-record.md,PASS,Onaylanmadı
P09.6,Provisioning operation/error classification contracts,Bileşen/not mevcut; release kabulü açık,Service/provider/placement sözleşmeleri var; credential encryption ve kapasite yarışları kapanmalı.,F09 F16,src/Domain/Provisioning/Classification/ProvisioningErrorCategory.php; src/Domain/Provisioning/Classification/ProvisioningErrorClassification.php; src/Domain/Provisioning/Classification/ProvisioningErrorClassifier.php; src/Domain/Provisioning/Entities/ProvisioningAuditLog.php; src/Domain/Provisioning/Entities/ProvisioningOperation.php; src/Domain/Provisioning/Services/ProvisioningOperationService.php; tests/Unit/Provisioning/ProvisioningErrorClassificationAndOperationsTest.php; tools/run_all_checks.py,evidence/v1/P09/P09.6-execution-record.md,PASS,Onaylanmadı
P09.7,Provider module settings/Vault mappings,Kısmi / plaintext açık,Vault mapping var; ServerService auth_secret_encrypted alanına plaintext yazıyor.,F09 F16,src/Domain/Providers/Settings/ProviderSettingDefinition.php; src/Domain/Providers/Settings/ProviderSettingSchema.php; src/Domain/Providers/Settings/ProviderSettingService.php; src/Domain/Providers/Settings/ResolvedProviderConfig.php; tests/Unit/Providers/ProviderSettingsAndVaultTest.php; tools/run_all_checks.py,evidence/v1/P09/P09.7-execution-record.md,PASS,Onaylanmadı
P09.8,Service concurrency and optimistic-edit tests,Sınırlı concurrency kanıtı,Optimistic-edit testleri var; gerçek MariaDB paralel capacity/payment proof yok.,F09 F16,src/Domain/Commerce/Services/Exceptions/ServiceConcurrencyException.php; src/Domain/Commerce/Services/Service.php; src/Domain/Commerce/Services/ServiceService.php; src/Foundation/Database/Connection.php; src/Foundation/Exceptions/ConcurrencyException.php; tests/Unit/Services/ServiceConcurrencyTest.php; tools/run_all_checks.py,evidence/v1/P09/P09.8-execution-record.md,PASS,Onaylanmadı
P10.1,cPanel authentication/package mapping/health,Engelli,Native cURL transport yanıt sonrası undefined constant hatası veriyor.,F04 F30,src/Domain/Providers/Cpanel/CpanelApiClient.php; src/Domain/Providers/Cpanel/CpanelConfiguration.php; src/Domain/Providers/Cpanel/CpanelCurlTransport.php; src/Domain/Providers/Cpanel/CpanelHttpTransportInterface.php; src/Domain/Providers/Cpanel/CpanelMemoryTransport.php; src/Domain/Providers/Cpanel/CpanelPackageDto.php; src/Domain/Providers/Cpanel/CpanelPackageService.php; src/Domain/Providers/Cpanel/CpanelProvider.php; src/Domain/Providers/Cpanel/CpanelServerHealthChecker.php; tests/Unit/Providers/Cpanel/CpanelCoreAndHealthTest.php; tools/run_all_checks.py,evidence/v1/P10/P10.1-execution-record.md,PASS,Onaylanmadı
P10.2,Create/suspend/unsuspend/terminate capabilities,Engelli,Adapter operasyonları var; gerçek transport kullanıldığında R20 hatası tüm yolları etkiliyor.,F04 F30,src/Domain/Providers/Cpanel/CpanelApiClient.php; src/Domain/Providers/Cpanel/CpanelProvider.php; tests/Unit/Providers/Cpanel/CpanelAccountLifecycleTest.php; tools/run_all_checks.py,evidence/v1/P10/P10.2-execution-record.md,PASS,Onaylanmadı
P10.3,Upgrade/downgrade where supported,Gerçek provider kabulü açık,Change package adapter/test var; gerçek transport/sandbox doğrulaması yok.,F04 F30,src/Domain/Providers/Cpanel/CpanelApiClient.php; src/Domain/Providers/Cpanel/CpanelProvider.php; tests/Unit/Providers/Cpanel/CpanelPackageChangeTest.php; tools/run_all_checks.py,evidence/v1/P10/P10.3-execution-record.md,PASS,Onaylanmadı
P10.4,Provision workflow validate→place→reserve→remote→verify→activate,Mock workflow var,6 adımlı workflow mevcut; executable queue/Application satış zinciri eksik.,F04 F30,src/Domain/Provisioning/Workflows/HostingProvisioningRequest.php; src/Domain/Provisioning/Workflows/HostingProvisioningResult.php; src/Domain/Provisioning/Workflows/HostingProvisioningStep.php; src/Domain/Provisioning/Workflows/HostingProvisioningWorkflow.php; src/Domain/Servers/Capacity/Entities/CapacityReservation.php; tests/Unit/Provisioning/HostingProvisioningWorkflowTest.php; tools/run_all_checks.py,evidence/v1/P10/P10.4-execution-record.md,PASS,Onaylanmadı
P10.5,Retry/backoff/idempotency/uncertain-response reconciliation,Kısmi,Retry/classification/reconciliation var; gerçek side-effect sonrası transport error ve race kabulü açık.,F04 F30,src/Domain/Provisioning/Reconciliation/ReconciliationResult.php; src/Domain/Provisioning/Reconciliation/ReconciliationStatus.php; src/Domain/Provisioning/Reconciliation/UncertainResponseReconciliationService.php; src/Domain/Provisioning/Retry/ProvisioningRetryPolicy.php; src/Domain/Provisioning/Services/ProvisioningRetryRunner.php; tests/Unit/Provisioning/ProvisioningRetryAndReconciliationTest.php; tools/run_all_checks.py,evidence/v1/P10/P10.5-execution-record.md,PASS,Onaylanmadı
P10.6,No-duplicate remote account failure tests,Mock failure kanıtı,Duplicate prevention testleri mock fixtures; gerçek provider/parallel failure kanıtı yok.,F04 F30,src/Domain/Provisioning/Services/ProvisioningOperationService.php; src/Domain/Provisioning/Services/ProvisioningRetryRunner.php; src/Domain/Provisioning/Workflows/HostingProvisioningWorkflow.php; tests/Unit/Provisioning/NoDuplicateRemoteAccountFailureTest.php; tools/run_all_checks.py,evidence/v1/P10/P10.6-execution-record.md,PASS,Onaylanmadı
P10.7,Automated Hosting Golden E2E with iyzico + email,Eksik E2E,Golden test doğrudan completed ödeme yazıyor; risk/iyzico callback/DBQueue/SMTP yolu yok.,F04 F30,src/Domain/Notifications/Delivery/DeliveryResult.php; src/Domain/Notifications/Templates/NotificationTemplateEngine.php; src/Domain/Provisioning/Coordinators/AutomatedHostingOrderCoordinator.php; tests/Unit/Provisioning/AutomatedHostingGoldenE2ETest.php; tools/run_all_checks.py,evidence/v1/P10/P10.7-execution-record.md,PASS,Onaylanmadı
P11.1,Automation engine trigger/conditions/IF-ELSE/actions,Bileşen/not mevcut; release kabulü açık,Automation/renewal modeli var; pause/approve/delay/history kalıcı değil; renewal replay hatalı.,F14 F15 F22,src/Domain/Automation/Actions/ActionDefinition.php; src/Domain/Automation/Actions/ActionHandlerInterface.php; src/Domain/Automation/Actions/ActionInterface.php; src/Domain/Automation/Actions/ActionRegistry.php; src/Domain/Automation/Actions/ActionRegistryInterface.php; src/Domain/Automation/Actions/ActionResult.php; src/Domain/Automation/Actions/ActionStatus.php; src/Domain/Automation/Actions/Handlers/CallbackActionHandler.php; src/Domain/Automation/Actions/Handlers/LogActionHandler.php; src/Domain/Automation/Actions/Handlers/SetContextActionHandler.php; src/Domain/Automation/Branching/BranchExecutionResult.php; src/Domain/Automation/Branching/IfElseBranch.php; src/Domain/Automation/Conditions/ConditionEvaluator.php; src/Domain/Automation/Conditions/ConditionGroup.php; src/Domain/Automation/Conditions/ConditionInterface.php; src/Domain/Automation/Conditions/ConditionOperator.php; src/Domain/Automation/Conditions/FieldCondition.php; src/Domain/Automation/Conditions/LogicalOperator.php; src/Domain/Automation/Engine/AutomationEngine.php; src/Domain/Automation/Engine/AutomationExecutionReport.php; src/Domain/Automation/Engine/AutomationRule.php; src/Domain/Automation/Engine/RuleExecutionResult.php; src/Domain/Automation/Triggers/EventTrigger.php; src/Domain/Automation/Triggers/ManualTrigger.php; src/Domain/Automation/Triggers/ScheduleTrigger.php; src/Domain/Automation/Triggers/TriggerContext.php; src/Domain/Automation/Triggers/TriggerInterface.php; tests/Unit/Automation/ActionTest.php; tests/Unit/Automation/AutomationEngineTest.php; tests/Unit/Automation/ConditionTest.php; tests/Unit/Automation/IfElseBranchTest.php; tests/Unit/Automation/TriggerTest.php,evidence/v1/P11/P11.1-execution-record.md,PASS,Onaylanmadı
P11.2,Approval/delay/observe/dry-run/version/run history,Engelli,Approval/delay/version/run history bellekte; request/process restart ile kaybolur.,F14 F15 F22,src/Domain/Automation/Approval/ApprovalManager.php; src/Domain/Automation/Approval/ApprovalManagerInterface.php; src/Domain/Automation/Approval/ApprovalRequirement.php; src/Domain/Automation/Approval/ApprovalStatus.php; src/Domain/Automation/Approval/PendingApproval.php; src/Domain/Automation/Delay/DelayManager.php; src/Domain/Automation/Delay/DelayManagerInterface.php; src/Domain/Automation/Delay/DelayStatus.php; src/Domain/Automation/Delay/DelayedExecution.php; src/Domain/Automation/Engine/AutomationEngine.php; src/Domain/Automation/Engine/AutomationRule.php; src/Domain/Automation/Engine/RuleExecutionResult.php; src/Domain/Automation/Execution/AutomationRunRecord.php; src/Domain/Automation/Execution/ExecutionMode.php; src/Domain/Automation/Execution/InMemoryRunHistoryRepository.php; src/Domain/Automation/Execution/RunHistoryRepositoryInterface.php; src/Domain/Automation/Execution/RunStatus.php; src/Domain/Automation/Versioning/RuleVersion.php; src/Domain/Automation/Versioning/RuleVersionManager.php; tests/Unit/Automation/ApprovalAndLifecycleTest.php,evidence/v1/P11/P11.2-execution-record.md,PASS,Onaylanmadı
P11.3,Domain command adapters for automation (no direct repository),Mimari sapma,Automation adapterları ortak Application komutları yerine domain ServiceService çağırıyor.,F14 F15 F22,src/Domain/Automation/Adapters/AutomationDomainAdapterRegistry.php; src/Domain/Automation/Adapters/Billing/InvoiceStatusActionHandler.php; src/Domain/Automation/Adapters/Billing/RenewalInvoiceActionHandler.php; src/Domain/Automation/Adapters/Notification/InAppNotificationActionHandler.php; src/Domain/Automation/Adapters/Notification/NotificationActionHandler.php; src/Domain/Automation/Adapters/Service/ServiceCancelActionHandler.php; src/Domain/Automation/Adapters/Service/ServiceRenewActionHandler.php; src/Domain/Automation/Adapters/Service/ServiceSuspendActionHandler.php; src/Domain/Automation/Adapters/Service/ServiceTerminateActionHandler.php; src/Domain/Automation/Adapters/Service/ServiceUnsuspendActionHandler.php; tests/Unit/Automation/DomainCommandAdaptersTest.php,evidence/v1/P11/P11.3-execution-record.md,PASS,Onaylanmadı
P11.4,Service renewal scheduler and invoice generation,Kısmi,Renewal invoice primitives var; canonical MariaDB ve period transaction kabulü açık.,F14 F15 F22,src/Domain/Commerce/Recurring/Scheduler/RenewalBatchReport.php; src/Domain/Commerce/Recurring/Scheduler/RenewalExecutionResult.php; src/Domain/Commerce/Recurring/Scheduler/RenewalPolicy.php; src/Domain/Commerce/Recurring/Scheduler/ServiceRenewalScheduler.php; src/Domain/Commerce/Services/ServiceService.php; tests/Unit/Commerce/ServiceRenewalSchedulerTest.php,evidence/v1/P11/P11.4-execution-record.md,PASS,Onaylanmadı
P11.5,Overdue/grace policy and suspend/unsuspend workflow,Engelli,Overdue DB state var; provider lifecycle/Application bağları ve paid-invoice replay sorunu mevcut.,F14 F15 F22,src/Domain/Commerce/Services/Lifecycle/OverdueBatchReport.php; src/Domain/Commerce/Services/Lifecycle/OverdueEvaluationResult.php; src/Domain/Commerce/Services/Lifecycle/OverdueGracePolicy.php; src/Domain/Commerce/Services/Lifecycle/OverdueLifecycleWorkflow.php; src/Domain/Notifications/Templates/NotificationTemplateEngine.php; tests/Unit/Commerce/OverdueLifecycleWorkflowTest.php,evidence/v1/P11/P11.5-execution-record.md,PASS,Onaylanmadı
P11.6,Emergency Pause All/Destructive actions,Engelli,Pause All yeni instance/process’te active’e dönüyor.,F14 F15 F22,src/Domain/Automation/Actions/ActionResult.php; src/Domain/Automation/Engine/AutomationEngine.php; src/Domain/Automation/Engine/RuleExecutionResult.php; src/Domain/Automation/Execution/RunStatus.php; src/Domain/Automation/Safety/BlastRadiusLimiter.php; src/Domain/Automation/Safety/DestructiveActionRegistry.php; src/Domain/Automation/Safety/EmergencyPauseManager.php; src/Domain/Automation/Safety/EmergencyPauseManagerInterface.php; src/Domain/Automation/Safety/EmergencyPauseState.php; src/Domain/Commerce/Services/Lifecycle/OverdueBatchReport.php; src/Domain/Commerce/Services/Lifecycle/OverdueEvaluationResult.php; src/Domain/Commerce/Services/Lifecycle/OverdueLifecycleWorkflow.php; tests/Unit/Automation/EmergencySafetyTest.php,evidence/v1/P11/P11.6-execution-record.md,PASS,Onaylanmadı
P11.7,Renewal Golden E2E and missed-scheduler catchup,Engelli,Catch-up bileşeni var; aynı paid invoice hizmeti iki dönem yeniliyor.,F14 F15 F22,src/Domain/Commerce/Recurring/Scheduler/CatchupBatchReport.php; src/Domain/Commerce/Recurring/Scheduler/MissedSchedulerCatchupService.php; tests/Unit/Commerce/MissedSchedulerCatchupServiceTest.php; tests/Unit/Commerce/RenewalGoldenE2ETest.php,evidence/v1/P11/P11.7-execution-record.md,PASS,Onaylanmadı
P12.1,TLD catalog/policies/pricing/multi-year basics,Bileşen/not mevcut; release kabulü açık,"NameSilo ve domain modelleri var; provider kararı, expiry/contact, sandbox ve MariaDB doğrulanmalı.",F02 F27,src/Domain/Domains/Catalog/DomainCatalogService.php; src/Domain/Domains/Catalog/DomainValidationResult.php; src/Domain/Domains/Catalog/Tld.php; src/Domain/Domains/Catalog/TldPolicy.php; src/Domain/Domains/Catalog/TldPricing.php; tests/Unit/Domains/DomainCatalogTest.php,evidence/v1/P12/P12.1-execution-record.md,PASS,Onaylanmadı
P12.2,Domain/contact profile/lifecycle/timeline,Bileşen/not mevcut; release kabulü açık,"NameSilo ve domain modelleri var; provider kararı, expiry/contact, sandbox ve MariaDB doğrulanmalı.",F02 F27,src/Domain/Domains/Domain.php; src/Domain/Domains/DomainContact.php; src/Domain/Domains/DomainService.php; src/Domain/Domains/DomainStateMachine.php; src/Domain/Domains/DomainTimelineEvent.php; tests/Unit/Domains/DomainLifecycleAndContactTest.php,evidence/v1/P12/P12.2-execution-record.md,PASS,Onaylanmadı
P12.3,Registrar capability contract + Vault settings,Bileşen/not mevcut; release kabulü açık,"NameSilo ve domain modelleri var; provider kararı, expiry/contact, sandbox ve MariaDB doğrulanmalı.",F02 F27,src/Domain/Domains/Registrar/DomainAvailabilityResult.php; src/Domain/Domains/Registrar/DomainRegistrationCommand.php; src/Domain/Domains/Registrar/DomainRenewalCommand.php; src/Domain/Domains/Registrar/DomainTransferCommand.php; src/Domain/Domains/Registrar/RegistrarCapability.php; src/Domain/Domains/Registrar/RegistrarOperationResult.php; src/Domain/Domains/Registrar/RegistrarProviderInterface.php; src/Domain/Domains/Registrar/RegistrarRegistry.php; src/Domain/Domains/Registrar/Vault/RegistrarConfiguration.php; src/Domain/Domains/Registrar/Vault/VaultRegistrarSettingsManager.php; tests/Unit/Domains/RegistrarCapabilityAndVaultTest.php,evidence/v1/P12/P12.3-execution-record.md,PASS,Onaylanmadı
P12.4,Production registrar adapter selection + implementation,Provider kabulü açık,NameSilo seçilmiş; kullanıcının mevcut sağlayıcısını kilitleme onayı ve real sandbox evidence yok.,F02 F27,src/Domain/Domains/Registrar/Adapters/NameSilo/NameSiloRegistrarAdapter.php; src/Domain/Domains/Registrar/DomainAvailabilityResult.php; src/Domain/Domains/Registrar/DomainRegistrationCommand.php; src/Domain/Domains/Registrar/DomainTransferCommand.php; src/Domain/Domains/Registrar/RegistrarAdapterFactory.php; src/Domain/Domains/Registrar/RegistrarOperationResult.php; tests/Unit/Domains/RegistrarAdapterTest.php,evidence/v1/P12/P12.4-execution-record.md,PASS,Onaylanmadı
P12.5,Availability/register/renew/transfer/nameservers/lock/EPP,Kısmi / doğruluk açık,Register/renew/etc var; expiry bugün+years ve registration contact iletimi eksik.,F02 F27,src/Domain/Domains/DomainStateMachine.php; src/Domain/Domains/Registrar/DomainRegistrarService.php; tests/Unit/Domains/DomainRegistrarFlowTest.php,evidence/v1/P12/P12.5-execution-record.md,PASS,Onaylanmadı
P12.6,Operation idempotency/uncertain timeout/reconciliation,Kısmi,Operation idempotency/reconciliation var; gerçek timeout/sandbox/parallel kanıtı açık.,F02 F27,src/Domain/Domains/Registrar/Reconciliation/DomainOperation.php; src/Domain/Domains/Registrar/Reconciliation/DomainOperationReconciliationService.php; src/Domain/Domains/Registrar/Reconciliation/DomainOperationRepository.php; src/Domain/Domains/Registrar/Reconciliation/IdempotentDomainOperationService.php; tests/Unit/Domains/DomainOperationIdempotencyAndReconciliationTest.php,evidence/v1/P12/P12.6-execution-record.md,PASS,Onaylanmadı
P12.7,Expiry/grace/redemption metadata + reminders,Bileşen/not mevcut; release kabulü açık,"NameSilo ve domain modelleri var; provider kararı, expiry/contact, sandbox ve MariaDB doğrulanmalı.",F02 F27,src/Domain/Domains/Lifecycle/DomainExpiryService.php; src/Domain/Domains/Lifecycle/DomainLifecyclePolicy.php; src/Domain/Domains/Lifecycle/DomainRenewalReminder.php; tests/Unit/Domains/DomainExpiryAndReminderTest.php,evidence/v1/P12/P12.7-execution-record.md,PASS,Onaylanmadı
P12.8,Domain Golden E2E,Fixture E2E,Golden domain senaryosu mevcut; production provider/ödeme/UI akış kanıtı değil.,F02 F27,src/Domain/Domains/DomainStateMachine.php; tests/Unit/Domains/DomainGoldenE2ETest.php,evidence/v1/P12/P12.8-execution-record.md,PASS,Onaylanmadı
P13.1,Departments/agents/status/priority,Bileşen/not mevcut; release kabulü açık,"Ticket/SLA/attachment modelleri var; gerçek ekranlar, Application komutları ve izin bağları eksik.",F01 F21,src/Domain/Support/Departments/Department.php; src/Domain/Support/Departments/DepartmentAgent.php; src/Domain/Support/Departments/DepartmentService.php; src/Domain/Support/Tickets/TicketPriority.php; src/Domain/Support/Tickets/TicketStatus.php; tests/Unit/Support/DepartmentAndStatusPriorityTest.php,evidence/v1/P13/P13.1-execution-record.md,PASS,Onaylanmadı
P13.2,Ticket/conversation/replies/internal notes,Bileşen/not mevcut; release kabulü açık,"Ticket/SLA/attachment modelleri var; gerçek ekranlar, Application komutları ve izin bağları eksik.",F01 F21,src/Domain/Support/Tickets/Ticket.php; src/Domain/Support/Tickets/TicketMessage.php; src/Domain/Support/Tickets/TicketService.php; tests/Unit/Support/TicketConversationTest.php,evidence/v1/P13/P13.2-execution-record.md,PASS,Onaylanmadı
P13.3,Private attachments and file security,Korunabilir bileşen,Private storage/extension/MIME/size/path denetimleri ve testleri mevcut; gerçek HTTP permission bağları açık.,F01 F21,src/Domain/Support/Attachments/AttachmentSecurityPolicy.php; src/Domain/Support/Attachments/AttachmentService.php; src/Domain/Support/Attachments/AttachmentStorageInterface.php; src/Domain/Support/Attachments/InMemoryAttachmentStorage.php; src/Domain/Support/Attachments/PrivateAttachmentStorage.php; src/Domain/Support/Attachments/TicketAttachment.php; tests/Unit/Support/AttachmentSecurityAndStorageTest.php,evidence/v1/P13/P13.3-execution-record.md,PASS,Onaylanmadı
P13.4,Manual + round-robin assignment,Bileşen/not mevcut; release kabulü açık,"Ticket/SLA/attachment modelleri var; gerçek ekranlar, Application komutları ve izin bağları eksik.",F01 F21,src/Domain/Support/Assignments/TicketAssignmentLog.php; src/Domain/Support/Assignments/TicketAssignmentService.php; tests/Unit/Support/TicketAssignmentTest.php,evidence/v1/P13/P13.4-execution-record.md,PASS,Onaylanmadı
P13.5,Basic first-response/resolution SLA scheduler,Bileşen/not mevcut; release kabulü açık,"Ticket/SLA/attachment modelleri var; gerçek ekranlar, Application komutları ve izin bağları eksik.",F01 F21,src/Domain/Support/Sla/SlaBreachResult.php; src/Domain/Support/Sla/SlaPolicy.php; src/Domain/Support/Sla/SlaService.php; src/Domain/Support/Sla/TicketSla.php; tests/Unit/Support/SlaSchedulerTest.php,evidence/v1/P13/P13.5-execution-record.md,PASS,Onaylanmadı
P13.6,Relations to service/domain/invoice/order and contextual commands,Engelli,Builtin contextual commands hiçbir işlem yapmadan success döndürüyor; gerçek Application handler yok.,F01 F21,src/Domain/Support/Context/CommandExecutionResult.php; src/Domain/Support/Context/InMemoryTicketContextProvider.php; src/Domain/Support/Context/TicketContextCommandHandlerInterface.php; src/Domain/Support/Context/TicketContextProviderInterface.php; src/Domain/Support/Context/TicketContextService.php; src/Domain/Support/Context/TicketContextSummary.php; src/Domain/Support/Tickets/Ticket.php; src/Domain/Support/Tickets/TicketService.php; tests/Unit/Support/TicketContextAndRelationsTest.php,evidence/v1/P13/P13.6-execution-record.md,PASS,Onaylanmadı
P13.7,Organization own/all ticket permissions,Bileşen var / entry bağları açık,TicketPermissionService var; production UI/API enforcement gösterilemiyor.,F01 F21,src/Domain/Support/Permissions/SupportUserContext.php; src/Domain/Support/Permissions/TicketPermissionService.php; tests/Unit/Support/OrganizationTicketPermissionsTest.php,evidence/v1/P13/P13.7-execution-record.md,PASS,Onaylanmadı
P13.8,Canned responses/basic announcement UI,Kısmi,Canned response/announcement hizmetleri var; kullanıcı ekranları yok.,F01 F21,src/Domain/Support/Announcements/Announcement.php; src/Domain/Support/Announcements/AnnouncementService.php; src/Domain/Support/CannedResponses/CannedResponse.php; src/Domain/Support/CannedResponses/CannedResponseService.php; tests/Unit/Support/CannedResponsesAndAnnouncementsTest.php,evidence/v1/P13/P13.8-execution-record.md,PASS,Onaylanmadı
P13.9,Support Golden E2E,Bileşen/not mevcut; release kabulü açık,"Ticket/SLA/attachment modelleri var; gerçek ekranlar, Application komutları ve izin bağları eksik.",F01 F21,tests/Unit/Support/SupportGoldenE2ETest.php,evidence/v1/P13/P13.9-execution-record.md,PASS,Onaylanmadı
P14.1,Rule-based order/payment/identity risk scoring,Bileşen var / entegrasyon açık,Rule-based risk mevcut; gerçek order/payment pipeline’a zorunlu bağ kanıtı yok.,F18 F19 F20 F30,src/Domain/Fraud/Risk/RiskContext.php; src/Domain/Fraud/Risk/RiskDecision.php; src/Domain/Fraud/Risk/RiskEvaluationResult.php; src/Domain/Fraud/Risk/RiskScoreService.php; src/Domain/Fraud/Risk/RiskSignal.php; src/Domain/Fraud/Risk/Rules/AnonymousProxyRule.php; src/Domain/Fraud/Risk/Rules/DisposableEmailRule.php; src/Domain/Fraud/Risk/Rules/GeoIpMismatchRule.php; src/Domain/Fraud/Risk/Rules/HighOrderValueRule.php; src/Domain/Fraud/Risk/Rules/NewCustomerHighValueRule.php; src/Domain/Fraud/Risk/Rules/PaymentCountryMismatchRule.php; src/Domain/Fraud/Risk/Rules/RiskRuleInterface.php; tests/Unit/Fraud/RuleBasedRiskScoringTest.php,evidence/v1/P14/P14.1-execution-record.md,PASS,Onaylanmadı
P14.2,Velocity/related-account indicators + allow/watch/deny lists,Bileşen/not mevcut; release kabulü açık,"Risk/abuse modelleri var; commerce chain, tam export, erasure ve restore scrub güvenliği eksik.",F18 F19 F20 F30,src/Domain/Fraud/Linkage/AccountLinkageService.php; src/Domain/Fraud/Linkage/RelatedAccountResult.php; src/Domain/Fraud/Lists/FraudListEntry.php; src/Domain/Fraud/Lists/FraudListEntryType.php; src/Domain/Fraud/Lists/FraudListService.php; src/Domain/Fraud/Lists/FraudListType.php; src/Domain/Fraud/Risk/Rules/ListMatchingRule.php; src/Domain/Fraud/Risk/Rules/RelatedAccountsRiskRule.php; src/Domain/Fraud/Risk/Rules/VelocityRiskRule.php; src/Domain/Fraud/Velocity/VelocityEvent.php; src/Domain/Fraud/Velocity/VelocityTrackerService.php; tests/Unit/Fraud/VelocityAndListsTest.php,evidence/v1/P14/P14.2-execution-record.md,PASS,Onaylanmadı
P14.3,Manual Risk Review + immutable decision snapshot + override reason,Bileşen/not mevcut; release kabulü açık,"Risk/abuse modelleri var; commerce chain, tam export, erasure ve restore scrub güvenliği eksik.",F18 F19 F20 F30,src/Domain/Fraud/Lists/FraudListService.php; src/Domain/Fraud/Review/RiskReviewCase.php; src/Domain/Fraud/Review/RiskReviewDecisionSnapshot.php; src/Domain/Fraud/Review/RiskReviewService.php; src/Domain/Fraud/Review/RiskReviewStatus.php; tests/Unit/Fraud/ManualRiskReviewTest.php,evidence/v1/P14/P14.3-execution-record.md,PASS,Onaylanmadı
P14.4,Basic Abuse Case severity/category/resource/deadline/response,Bileşen/not mevcut; release kabulü açık,"Risk/abuse modelleri var; commerce chain, tam export, erasure ve restore scrub güvenliği eksik.",F18 F19 F20 F30,src/Domain/Abuse/AbuseCase.php; src/Domain/Abuse/AbuseCaseService.php; src/Domain/Abuse/AbuseCaseStatus.php; src/Domain/Abuse/AbuseCategory.php; src/Domain/Abuse/AbuseMessage.php; src/Domain/Abuse/AbuseSeverity.php; tests/Unit/Abuse/AbuseCaseTest.php,evidence/v1/P14/P14.4-execution-record.md,PASS,Onaylanmadı
P14.5,Privacy requests + step-up export,Engelli,Step-up/export bileşeni var; canonical invoices/orders/services export’u eksik kalıyor.,F18 F19 F20 F30,src/Domain/Privacy/Export/DefaultPrivacyDataCollector.php; src/Domain/Privacy/Export/PrivacyDataCollectorInterface.php; src/Domain/Privacy/Export/PrivacyExportPackage.php; src/Domain/Privacy/Requests/PrivacyRequest.php; src/Domain/Privacy/Requests/PrivacyRequestService.php; src/Domain/Privacy/Requests/PrivacyRequestStatus.php; src/Domain/Privacy/Requests/PrivacyRequestType.php; tests/Unit/Privacy/PrivacyRequestsAndExportTest.php,evidence/v1/P14/P14.5-execution-record.md,PASS,Onaylanmadı
P14.6,Erasure dry-run/delete-anonymize-retain/restrict,Engelli,Erasure success sonrası eski parola ile login mümkün; blockers yanlış şemayla fail open.,F18 F19 F20 F30,src/Domain/Privacy/Erasure/ErasureAction.php; src/Domain/Privacy/Erasure/ErasureExecutionResult.php; src/Domain/Privacy/Erasure/ErasurePlan.php; src/Domain/Privacy/Erasure/ErasurePlanItem.php; src/Domain/Privacy/Erasure/PrivacyErasureService.php; tests/Unit/Privacy/PrivacyErasureAndRestrictionTest.php,evidence/v1/P14/P14.6-execution-record.md,PASS,Onaylanmadı
P14.7,Retention + basic Legal Hold,Bileşen/not mevcut; release kabulü açık,"Risk/abuse modelleri var; commerce chain, tam export, erasure ve restore scrub güvenliği eksik.",F18 F19 F20 F30,src/Domain/Privacy/Erasure/PrivacyErasureService.php; src/Domain/Privacy/Retention/LegalHold.php; src/Domain/Privacy/Retention/LegalHoldScopeType.php; src/Domain/Privacy/Retention/RetentionAndLegalHoldService.php; src/Domain/Privacy/Retention/RetentionPolicy.php; tests/Unit/Privacy/RetentionAndLegalHoldTest.php,evidence/v1/P14/P14.7-execution-record.md,PASS,Onaylanmadı
P14.8,Privacy Tombstone and old-backup restore test,Engelli,"Tombstone store var; restore reconciliation optional/fail-open, canonical schema scrub eksik.",F18 F19 F20 F30,src/Domain/Privacy/Erasure/PrivacyErasureService.php; src/Domain/Privacy/Tombstone/BackupRestoreReconciliationService.php; src/Domain/Privacy/Tombstone/FileTombstoneStore.php; src/Domain/Privacy/Tombstone/PrivacyTombstone.php; src/Domain/Privacy/Tombstone/PrivacyTombstoneService.php; src/Domain/Privacy/Tombstone/RestoreReconciliationReport.php; src/Domain/Privacy/Tombstone/TombstoneStoreInterface.php; tests/Unit/Privacy/PrivacyTombstoneAndRestoreTest.php,evidence/v1/P14/P14.8-execution-record.md,PASS,Onaylanmadı
P14.9,Module/domain privacy handlers and redaction audits,Engelli,"Handler registry var; bazı handlerlar farklı tabloya bakıyor, audit import’u yanlış.",F18 F19 F20 F30,src/Domain/Privacy/Erasure/PrivacyErasureService.php; src/Domain/Privacy/Handlers/BillingPrivacyHandler.php; src/Domain/Privacy/Handlers/DomainPrivacyActionResult.php; src/Domain/Privacy/Handlers/DomainPrivacyHandlerInterface.php; src/Domain/Privacy/Handlers/HostingPrivacyHandler.php; src/Domain/Privacy/Handlers/PrivacyHandlerRegistry.php; src/Domain/Privacy/Handlers/SupportPrivacyHandler.php; src/Domain/Privacy/Redaction/RedactionAuditRecord.php; src/Domain/Privacy/Redaction/RedactionAuditService.php; src/Domain/Privacy/Redaction/RedactionScanReport.php; tests/Unit/Privacy/DomainPrivacyHandlersAndRedactionAuditTest.php,evidence/v1/P14/P14.9-execution-record.md,PASS,Onaylanmadı
P15.1,Metric Registry + Semantic Layer definitions,Bileşen var,Metric registry/semantics var; gerçek read-model kaynağı uyumsuz.,F17,src/Domain/Analytics/Metrics/AggregationType.php; src/Domain/Analytics/Metrics/MetricCategory.php; src/Domain/Analytics/Metrics/MetricDataType.php; src/Domain/Analytics/Metrics/MetricDefinition.php; src/Domain/Analytics/Metrics/MetricRegistry.php; src/Domain/Analytics/Metrics/MetricValue.php; src/Domain/Analytics/Metrics/TimeGrain.php; src/Domain/Analytics/Semantic/SemanticLayerService.php; tests/Unit/Analytics/MetricRegistryAndSemanticLayerTest.php,evidence/v1/P15/P15.1-execution-record.md,PASS,Onaylanmadı
P15.2,MRR/ARR/new/churned MRR and subscription snapshots,Engelli,MRR snapshots hosting_services varsayıyor; commerce services canonical bağ yok.,F17,src/Domain/Analytics/Subscription/MrrCalculator.php; src/Domain/Analytics/Subscription/MrrMovementType.php; src/Domain/Analytics/Subscription/MrrWaterfallReport.php; src/Domain/Analytics/Subscription/SubscriptionSnapshot.php; src/Domain/Analytics/Subscription/SubscriptionSnapshotService.php; tests/Unit/Analytics/SubscriptionSnapshotAndMrrTest.php,evidence/v1/P15/P15.2-execution-record.md,PASS,Onaylanmadı
P15.3,Invoice vs cash vs outstanding/refund/contribution metrics,Engelli,Gerçek invoice mevcutken metrics zero döndürüyor; currency filtering de eksik.,F17,src/Domain/Analytics/Financial/AgingReceivablesReport.php; src/Domain/Analytics/Financial/ContributionMarginReport.php; src/Domain/Analytics/Financial/FinancialMetricsService.php; src/Domain/Analytics/Financial/FinancialPeriodSummary.php; tests/Unit/Analytics/InvoiceVsCashFinancialMetricsTest.php,evidence/v1/P15/P15.3-execution-record.md,PASS,Onaylanmadı
P15.4,Daily/monthly read models/aggregations + rebuild,Engelli,Aggregation/rebuild var; canonical source columns ve audit import’u yanlış.,F17,src/Domain/Analytics/ReadModels/DailyAggregation.php; src/Domain/Analytics/ReadModels/MonthlyAggregation.php; src/Domain/Analytics/ReadModels/ReadModelAggregationService.php; src/Domain/Analytics/ReadModels/RebuildExecutionReport.php; tests/Unit/Analytics/DailyMonthlyReadModelAggregationTest.php,evidence/v1/P15/P15.4-execution-record.md,PASS,Onaylanmadı
P15.5,Owner/Finance/Sales/Operations/Support dashboards,Kısmi / gerçek veri engelli,5 dashboard DTO var; gerçek dashboard ekranı ve doğru commerce veri bağları yok.,F17,src/Domain/Analytics/Dashboards/DashboardService.php; src/Domain/Analytics/Dashboards/DashboardType.php; src/Domain/Analytics/Dashboards/FinanceDashboardData.php; src/Domain/Analytics/Dashboards/OperationsDashboardData.php; src/Domain/Analytics/Dashboards/OwnerDashboardData.php; src/Domain/Analytics/Dashboards/SalesDashboardData.php; src/Domain/Analytics/Dashboards/SupportDashboardData.php; tests/Unit/Analytics/RoleBasedDashboardsTest.php,evidence/v1/P15/P15.5-execution-record.md,PASS,Onaylanmadı
P15.6,Currency/timezone/data freshness semantics,Kısmi / semantics açık,FX/timezone/freshness bileşenleri var; financial query currency parametresini filtrelemiyor.,F17,src/Domain/Analytics/Context/AnalyticsFreshnessService.php; src/Domain/Analytics/Context/ConvertedAmountResult.php; src/Domain/Analytics/Context/CurrencyAnalyticsContext.php; src/Domain/Analytics/Context/DataFreshnessMetadata.php; src/Domain/Analytics/Context/DataFreshnessStatus.php; src/Domain/Analytics/Context/TimezoneAnalyticsContext.php; tests/Unit/Analytics/CurrencyTimezoneFreshnessTest.php,evidence/v1/P15/P15.6-execution-record.md,PASS,Onaylanmadı
P15.7,Golden Financial Dataset + ledger reconciliation,Fixture reconciliation,Golden dataset ayrı test şeması kuruyor; gerçek commerce ledger entegrasyonu kanıtlanmıyor.,F17,src/Domain/Analytics/Financial/FinancialMetricsService.php; src/Domain/Analytics/Reconciliation/LedgerReconciliationReport.php; src/Domain/Analytics/Reconciliation/LedgerReconciliationService.php; src/Domain/Analytics/Reconciliation/ReconciliationStatus.php; src/Domain/Analytics/Testing/GoldenFinancialDataset.php; tests/Unit/Analytics/GoldenFinancialLedgerReconciliationTest.php,evidence/v1/P15/P15.7-execution-record.md,PASS,Onaylanmadı
P15.8,Analytics permission/data-scope tests,Bileşen güvenlik testi,Permission/scope testleri var; production Application/API yüzeyine bağ açık.,F17,src/Domain/Analytics/Security/AnalyticsDataScopeService.php; src/Domain/Analytics/Security/AnalyticsPermissionService.php; src/Domain/Analytics/Security/AnalyticsUserContext.php; tests/Unit/Analytics/AnalyticsPermissionsAndScopeTest.php,evidence/v1/P15/P15.8-execution-record.md,PASS,Onaylanmadı
P16.1,Generic source/staging/canonical DTO/mapping/validation engine,Bileşen/not mevcut; release kabulü açık,"Migration çekirdeği mevcut; raporsuz cutover, hold entegrasyonu ve gerçek kaynak completeness doğrulanmalı.",F32,src/Domain/Migration/Canonical/CanonicalClientDto.php; src/Domain/Migration/Canonical/CanonicalDomainDto.php; src/Domain/Migration/Canonical/CanonicalEntityInterface.php; src/Domain/Migration/Canonical/CanonicalInvoiceDto.php; src/Domain/Migration/Canonical/CanonicalPaymentDto.php; src/Domain/Migration/Canonical/CanonicalProductDto.php; src/Domain/Migration/Canonical/CanonicalServiceDto.php; src/Domain/Migration/Canonical/CanonicalTicketDto.php; src/Domain/Migration/Mapping/GenericMappingEngine.php; src/Domain/Migration/Mapping/MappingEngineInterface.php; src/Domain/Migration/Staging/DatabaseStagingRepository.php; src/Domain/Migration/Staging/StagingAccountingReport.php; src/Domain/Migration/Staging/StagingPipelineService.php; src/Domain/Migration/Staging/StagingRecord.php; src/Domain/Migration/Staging/StagingRecordStatus.php; src/Domain/Migration/Staging/StagingRepositoryInterface.php; src/Domain/Migration/Validation/CanonicalValidationEngine.php; src/Domain/Migration/Validation/ValidationResult.php; tests/Unit/Migration/GenericStagingMappingValidationTest.php,evidence/v1/P16/P16.1-execution-record.md,PASS,Onaylanmadı
P16.2,CSV import + locale-aware parsing,Bileşen/not mevcut; release kabulü açık,"Migration çekirdeği mevcut; raporsuz cutover, hold entegrasyonu ve gerçek kaynak completeness doğrulanmalı.",F32,src/Domain/Migration/Csv/CsvImportResult.php; src/Domain/Migration/Csv/CsvImportService.php; src/Domain/Migration/Csv/CsvLocaleConfig.php; src/Domain/Migration/Csv/CsvMappingProfile.php; src/Domain/Migration/Csv/LocaleAwareCsvParser.php; src/Domain/Migration/Csv/LocaleDateFormat.php; src/Domain/Migration/Mapping/GenericMappingEngine.php; src/Domain/Migration/Staging/StagingPipelineService.php; tests/Unit/Migration/LocaleAwareCsvImportTest.php,evidence/v1/P16/P16.2-execution-record.md,PASS,Onaylanmadı
P16.3,Adopt existing service/domain/provider identity workflows,Kısmi,Adoption/identity sözleşmeleri var; gerçek provider identity verifier kanıtı açık.,F32,src/Domain/Migration/Adoption/AdoptedIdentityRepository.php; src/Domain/Migration/Adoption/AdoptedIdentityType.php; src/Domain/Migration/Adoption/AdoptedProviderIdentity.php; src/Domain/Migration/Adoption/DomainAdoptionResult.php; src/Domain/Migration/Adoption/DomainAdoptionService.php; src/Domain/Migration/Adoption/ProviderIdentityResolver.php; src/Domain/Migration/Adoption/RemoteIdentityVerifierInterface.php; src/Domain/Migration/Adoption/ServiceAdoptionResult.php; src/Domain/Migration/Adoption/ServiceAdoptionService.php; tests/Unit/Migration/AdoptExistingServiceDomainIdentityTest.php,evidence/v1/P16/P16.3-execution-record.md,PASS,Onaylanmadı
P16.4,WHMCS source scan/version/capability/read-only connector,Korunabilir bileşen,WHMCS read-only/version/capability scanner var; gerçek kaynak sürüm matrisi kanıtı açık.,F32,src/Domain/Migration/Whmcs/WhmcsCapabilityProfile.php; src/Domain/Migration/Whmcs/WhmcsPreflightReport.php; src/Domain/Migration/Whmcs/WhmcsPreflightService.php; src/Domain/Migration/Whmcs/WhmcsReadOnlyConnector.php; src/Domain/Migration/Whmcs/WhmcsSourceScanner.php; src/Domain/Migration/Whmcs/WhmcsVersionInfo.php; tests/Unit/Migration/WhmcsSourceScanAndConnectorTest.php,evidence/v1/P16/P16.4-execution-record.md,PASS,Onaylanmadı
P16.5,Migrate clients/orgs/products/services/domains,Bileşen/not mevcut; release kabulü açık,"Migration çekirdeği mevcut; raporsuz cutover, hold entegrasyonu ve gerçek kaynak completeness doğrulanmalı.",F32,src/Domain/Migration/Whmcs/Core/WhmcsCoreEntityExtractor.php; src/Domain/Migration/Whmcs/Core/WhmcsCoreEntityMigrationResult.php; src/Domain/Migration/Whmcs/Core/WhmcsCoreEntityMigrator.php; tests/Unit/Migration/WhmcsCoreEntitiesMigrationTest.php; tools/run_all_checks.py,evidence/v1/P16/P16.5-execution-record.md,PASS,Onaylanmadı
P16.6,Migrate invoices/payments/credits with financial reconciliation,Bileşen/not mevcut; release kabulü açık,"Migration çekirdeği mevcut; raporsuz cutover, hold entegrasyonu ve gerçek kaynak completeness doğrulanmalı.",F32,src/Domain/Migration/Whmcs/Financial/WhmcsFinancialExtractor.php; src/Domain/Migration/Whmcs/Financial/WhmcsFinancialMigrator.php; src/Domain/Migration/Whmcs/Financial/WhmcsFinancialReconciliationReport.php; tests/Unit/Migration/WhmcsFinancialReconciliationMigrationTest.php; tools/run_all_checks.py,evidence/v1/P16/P16.6-execution-record.md,PASS,Onaylanmadı
P16.7,Tickets/attachments/custom fields and unsupported-data accounting,Bileşen/not mevcut; release kabulü açık,"Migration çekirdeği mevcut; raporsuz cutover, hold entegrasyonu ve gerçek kaynak completeness doğrulanmalı.",F32,src/Domain/Migration/Whmcs/Support/UnsupportedDataAccountant.php; src/Domain/Migration/Whmcs/Support/UnsupportedDataReport.php; src/Domain/Migration/Whmcs/Support/WhmcsSupportExtractor.php; src/Domain/Migration/Whmcs/Support/WhmcsSupportMigrationResult.php; src/Domain/Migration/Whmcs/Support/WhmcsSupportMigrator.php; tests/Unit/Migration/WhmcsSupportAndUnsupportedDataTest.php; tools/run_all_checks.py,evidence/v1/P16/P16.7-execution-record.md,PASS,Onaylanmadı
P16.8,Dry-run/conflict/quarantine/checkpoint/resume/idempotency,Bileşen/not mevcut; release kabulü açık,"Migration çekirdeği mevcut; raporsuz cutover, hold entegrasyonu ve gerçek kaynak completeness doğrulanmalı.",F32,src/Domain/Migration/Execution/ConflictDetector.php; src/Domain/Migration/Execution/ConflictResolutionStrategy.php; src/Domain/Migration/Execution/DryRunReport.php; src/Domain/Migration/Execution/MigrationCheckpoint.php; src/Domain/Migration/Execution/MigrationCheckpointRepository.php; src/Domain/Migration/Execution/MigrationExecutionOrchestrator.php; src/Domain/Migration/Execution/QuarantineManager.php; tests/Unit/Migration/DryRunConflictCheckpointResumeTest.php; tools/run_all_checks.py,evidence/v1/P16/P16.8-execution-record.md,PASS,Onaylanmadı
P16.9,Migration Hold/automation+notification suppression,Kısmi,Hold/suppression servisleri var; gerçek login/mail/automation/provisioning girişlerine zorunlu bağ yok.,F32,src/Domain/Migration/Execution/MigrationExecutionOrchestrator.php; src/Domain/Migration/Hold/MigrationHoldRecord.php; src/Domain/Migration/Hold/MigrationHoldRepository.php; src/Domain/Migration/Hold/MigrationHoldService.php; src/Domain/Migration/Hold/MigrationHoldStatus.php; src/Domain/Migration/Hold/NotificationSuppressionManager.php; src/Domain/Migration/Hold/SuppressedNotification.php; src/Domain/Migration/Hold/SuppressedNotificationRepository.php; src/Domain/Migration/Whmcs/Financial/WhmcsFinancialMigrator.php; tests/Unit/Migration/MigrationHoldAndSuppressionTest.php; tools/run_all_checks.py,evidence/v1/P16/P16.9-execution-record.md,PASS,Onaylanmadı
P16.10,Cutover checklist/final reconciliation/seal + Golden Migration E2E,Engelli,Finansal rapor veya bazı zorunlu reviewer/checkpoint bileşenleri yokken cutover PASS olabilir.,F32,src/Domain/Migration/Cutover/CutoverAuditSeal.php; src/Domain/Migration/Cutover/CutoverChecklistItem.php; src/Domain/Migration/Cutover/CutoverChecklistReport.php; src/Domain/Migration/Cutover/CutoverChecklistService.php; src/Domain/Migration/Execution/DryRunReport.php; src/Domain/Migration/Execution/MigrationCheckpoint.php; src/Domain/Migration/Staging/DatabaseStagingRepository.php; src/Domain/Migration/Staging/StagingAccountingReport.php; src/Domain/Migration/Whmcs/Financial/WhmcsFinancialReconciliationReport.php; src/Domain/Migration/Whmcs/Support/UnsupportedDataReport.php; src/Domain/Migration/Whmcs/WhmcsReadOnlyConnector.php; tests/Unit/Migration/CutoverAndGoldenMigrationE2ETest.php; tools/run_all_checks.py,evidence/v1/P16/P16.10-execution-record.md,PASS,Onaylanmadı
P17.1,Web installer requirements/DB/admin/locale/brand/email/cron,Engelli,"Web installer service var; /install sayfası yok, RBAC schema clash ve memory email false success.",F01 F03 F10 F11 F12 F13 F20 F26,src/Domain/Installer/AdminBootstrapService.php; src/Domain/Installer/AdminSetupDto.php; src/Domain/Installer/BrandSetupDto.php; src/Domain/Installer/BrandSetupService.php; src/Domain/Installer/ConnectionTestResult.php; src/Domain/Installer/CronSetupService.php; src/Domain/Installer/DatabaseConfig.php; src/Domain/Installer/DatabaseSetupService.php; src/Domain/Installer/EmailSetupService.php; src/Domain/Installer/EmailTransportConfig.php; src/Domain/Installer/EnvironmentRequirementChecker.php; src/Domain/Installer/Exceptions/InstallationLockedException.php; src/Domain/Installer/Exceptions/PrerequisiteNotMetException.php; src/Domain/Installer/InstallationStep.php; src/Domain/Installer/InstallationSummary.php; src/Domain/Installer/InstallerLock.php; src/Domain/Installer/LocaleSetupDto.php; src/Domain/Installer/LocaleSetupService.php; src/Domain/Installer/SystemRequirementItem.php; src/Domain/Installer/SystemRequirementsReport.php; src/Domain/Installer/WebInstallerService.php; tests/Unit/Installer/WebInstallerTest.php; tools/run_all_checks.py,evidence/v1/P17/P17.1-execution-record.md,PASS,Onaylanmadı
P17.2,Fresh-install migration mode,Kısmi,Fresh migration mode modelleri var; gerçek canonical fresh-install ürün/cutover E2E yok.,F01 F03 F10 F11 F12 F13 F20 F26,src/Domain/Installer/DatabaseSetupService.php; src/Domain/Installer/FreshInstallMigrationConfig.php; src/Domain/Installer/FreshInstallMigrationModeService.php; src/Domain/Installer/FreshInstallMigrationResult.php; src/Domain/Installer/InstallationMode.php; src/Domain/Installer/InstallationStep.php; src/Domain/Installer/WebInstallerService.php; tests/Unit/Installer/FreshInstallMigrationModeTest.php,evidence/v1/P17/P17.2-execution-record.md,PASS,Onaylanmadı
P17.3,Signed/checksummed staged update + module compatibility,Engelli,Signature/checksum var; updater migrations çalıştırmadan sayaç artırıyor.,F01 F03 F10 F11 F12 F13 F20 F26,src/Domain/Updater/ModuleCompatibilityChecker.php; src/Domain/Updater/PackageSignatureVerifier.php; src/Domain/Updater/StagedUpdateReport.php; src/Domain/Updater/StagedUpdateService.php; src/Domain/Updater/UpdatePackageManifest.php; tests/Unit/Updater/StagedUpdateAndCompatibilityTest.php,evidence/v1/P17/P17.3-execution-record.md,PASS,Onaylanmadı
P17.4,Mandatory verified pre-update backup,Engelli,"Verified backup helper var; backup false ile atlanabiliyor, MariaDB dump yok.",F01 F03 F10 F11 F12 F13 F20 F26,src/Domain/Backup/BackupManifest.php; src/Domain/Backup/BackupVerificationReport.php; src/Domain/Backup/PreUpdateBackupService.php; src/Domain/Updater/StagedUpdateService.php; tests/Unit/Backup/PreUpdateBackupTest.php,evidence/v1/P17/P17.4-execution-record.md,PASS,Onaylanmadı
P17.5,Backup full/DB/files; Local/SFTP/S3; encryption/manifest/retention,Engelli,"Remote adapterlar stub; local cleanup yedeği yok ediyor, MariaDB dump ve recursive files eksik.",F01 F03 F10 F11 F12 F13 F20 F26,src/Domain/Backup/BackupDestinationType.php; src/Domain/Backup/BackupEncryptionService.php; src/Domain/Backup/BackupRetentionPolicy.php; src/Domain/Backup/BackupScope.php; src/Domain/Backup/EnterpriseBackupService.php; src/Domain/Backup/Storage/BackupStorageAdapterInterface.php; src/Domain/Backup/Storage/LocalBackupStorageAdapter.php; src/Domain/Backup/Storage/S3BackupStorageAdapter.php; src/Domain/Backup/Storage/SftpBackupStorageAdapter.php; tests/Unit/Backup/EnterpriseBackupLifecycleTest.php,evidence/v1/P17/P17.5-execution-record.md,PASS,Onaylanmadı
P17.6,Restore wizard + disaster recovery on fresh hosting,Engelli,"Restore class var; apostrof verisi syntax error, canonical DR ve privacy unseal garantisi yok.",F01 F03 F10 F11 F12 F13 F20 F26,src/Domain/Backup/RestoreResult.php; src/Domain/Backup/RestoreWizardService.php; tests/Unit/Backup/RestoreWizardAndDisasterRecoveryTest.php,evidence/v1/P17/P17.6-execution-record.md,PASS,Onaylanmadı
P17.7,Normal/Safe/Recovery/read-only/full-maintenance modes,Kısmi,Mode state/guard var; gerçek route/job/mutation entrypoints’e uygulanmıyor.,F01 F03 F10 F11 F12 F13 F20 F26,src/Domain/OperationalMode/OperationModeRestrictionException.php; src/Domain/OperationalMode/OperationalMode.php; src/Domain/OperationalMode/OperationalModeManager.php; tests/Unit/OperationalMode/OperationalModeTest.php,evidence/v1/P17/P17.7-execution-record.md,PASS,Onaylanmadı
P17.8,System Health/Doctor for cron/queue/storage/DB/providers/modules/backup,Engelli,System Doctor gerçek failed_jobs yerine background_jobs bakıp sağlıklı bildiriyor.,F01 F03 F10 F11 F12 F13 F20 F26,src/Domain/Health/ComponentHealthResult.php; src/Domain/Health/HealthStatus.php; src/Domain/Health/SystemDoctorService.php; src/Domain/Health/SystemHealthReport.php; tests/Unit/Health/SystemDoctorHealthTest.php,evidence/v1/P17/P17.8-execution-record.md,PASS,Onaylanmadı
P17.9,Rollback paths and privacy tombstone application after restore,Engelli,Rollback/tombstone bileşenleri var; gerçek updater failure/mandatory clean reconciliation bağları yok.,F01 F03 F10 F11 F12 F13 F20 F26,src/Domain/Backup/RestoreResult.php; src/Domain/Backup/RestoreWizardService.php; src/Domain/Updater/RollbackManager.php; tests/Unit/Backup/RollbackAndPrivacyTombstoneRestoreTest.php,evidence/v1/P17/P17.9-execution-record.md,PASS,Onaylanmadı
P18.1,Freeze V1 feature scope and run full dependency/gate audit,Kabul yetersiz,PASS evrakı ve dosya varlığı audit’i gerçek blocker/implementation kabulünü doğrulamıyor.,F28 F29 F30 F33,tests/Unit/Release/V1ScopeFreezeAuditTest.php; tools/audit_v1_scope_and_gates.py,evidence/v1/P18/P18.1-execution-record.md,PASS,Onaylanmadı
P18.2,Run G01–G08 Golden E2E,Eksik ürün E2E,"G01–G08 testleri var; G02 risk/payment callback/queue yolunu atlıyor, provider/email mock.",F28 F29 F30 F33,tools/run_golden_scenarios.py,evidence/v1/P18/P18.2-execution-record.md,PASS,Onaylanmadı
P18.3,Full static/architecture/security/secret/dependency scans,Eksik analiz,"Regex scans mevcut; undefined constant, fixed key ve plaintext sırları yakalamıyor; gerçek static analysis yok.",F28 F29 F30 F33,tests/Architecture/ArchitectureTest.php; tests/Architecture/SecurityAndDependencyScanTest.php; tools/scan_security_and_secrets.py,evidence/v1/P18/P18.3-execution-record.md,PASS,Onaylanmadı
P18.4,Concurrency/failure/chaos/provider uncertainty suite,Yetersiz race kanıtı,Chaos fixtures var; MariaDB çok süreçli race ve gerçek transport uncertainty kanıtı yok.,F28 F29 F30 F33,tests/Integration/Chaos/ChaosAndConcurrencySuiteTest.php; tools/run_chaos_uncertainty_suite.py,evidence/v1/P18/P18.4-execution-record.md,PASS,Onaylanmadı
P18.5,Performance/N+1/reference-budget regression,Engelli,Küçük SQLite benchmark var; canonical invoice listesinde 100 satıra 101 query.,F28 F29 F30 F33,tests/Integration/Performance/PerformanceAndReferenceBudgetRegressionTest.php; tools/run_performance_budget_suite.py,evidence/v1/P18/P18.5-execution-record.md,PASS,Onaylanmadı
P18.6,Minimum shared-host compatibility matrix,Gerçek matris yok,Shared-host başlıklı SQLite primitive testleri var; gerçek minimum host/MariaDB kurulum matrisi yok.,F28 F29 F30 F33,tests/Integration/SharedHost/SharedHostCompatibilityMatrixTest.php; tools/run_shared_host_matrix.py,evidence/v1/P18/P18.6-execution-record.md,PASS,Onaylanmadı
P18.7,Fresh install + upgrade + backup/restore + WHMCS cutover rehearsal,Engelli,"Fixture rehearsals var; fresh schema, backup, update migration ve restore probes başarısız.",F28 F29 F30 F33,tests/Integration/ReleaseRehearsal/ReleaseRehearsalLifecycleSuiteTest.php; tools/run_release_rehearsal_suite.py,evidence/v1/P18/P18.7-execution-record.md,PASS,Onaylanmadı
P18.8,TR/EN completeness + accessibility/visual regression,Eksik kabul,"Dictionary parity/HTML regex var; hardcoded metin, missing assets/JS, browser/visual test yok.",F28 F29 F30 F33,tests/Integration/LocalizationAndAccessibility/LocalizationCompletenessAndAccessibilitySuiteTest.php; tools/run_localization_accessibility_suite.py,evidence/v1/P18/P18.8-execution-record.md,PASS,Onaylanmadı
P18.9,Release package vendor/assets/checksum/signature/release notes,Eksik ürün paketi,Sentetik packaging testleri var; gerçek executable release ZIP ve ortak updater layout yok.,F28 F29 F30 F33,src/Domain/Release/ReleasePackageArtifact.php; src/Domain/Release/ReleasePackagingService.php; src/Domain/Release/ReleaseVerificationReport.php; tests/Integration/ReleasePackage/ReleasePackagingAndSignatureSuiteTest.php; tools/run_release_packaging_suite.py,evidence/v1/P18/P18.9-execution-record.md,PASS,Onaylanmadı
P18.10,RC soak/issue closure → independent Stable approval,Stable RED,Dosyalarda PASS aramak independent review/süreli soak değildir; açık P0/P1 blockerlar mevcut.,F28 F29 F30 F33,tests/Integration/ReleaseCandidate/ReleaseCandidateSoakAndGateApprovalTest.php; tools/run_rc_soak_gate_approval.py,evidence/v1/P18/P18.10-execution-record.md,PASS,Onaylanmadı
